configuration,dataset,metric,n_seeds,mean,std,n_pairs,mean_full_minus_ablated,paired_std,full_win_rate,ties,paired_ci95_low,paired_ci95_high,paired_differences
Full,NCI1,ACC,3,74.79315801232124,0.8063638636754775,0,,,,0,,,[]
Full,NCI1,NMI,3,18.74782105833536,1.2314227261477726,0,,,,0,,,[]
Full,NCI1,ARI,3,24.56976513347729,1.5661067383268699,0,,,,0,,,[]
Full,NCI1,Macro-F1,3,74.76828598057445,0.8097538691081028,0,,,,0,,,[]
Full,Mutagenicity,ACC,3,76.87233687671689,0.4206687733221232,0,,,,0,,,[]
Full,Mutagenicity,NMI,3,21.632558505182597,0.7075274762055355,0,,,,0,,,[]
Full,Mutagenicity,ARI,3,28.87813426131775,0.8940969977166868,0,,,,0,,,[]
Full,Mutagenicity,Macro-F1,3,76.51541859895322,0.41507331223988675,0,,,,0,,,[]
Full,COLLAB,ACC,3,72.82666666666665,0.6466323014923794,0,,,,0,,,[]
Full,COLLAB,NMI,3,27.91976725404973,0.38696948184880037,0,,,,0,,,[]
Full,COLLAB,ARI,3,32.90139989861066,1.2675488070894705,0,,,,0,,,[]
Full,COLLAB,Macro-F1,3,70.18992281201159,0.5029300956982615,0,,,,0,,,[]
Full,MUTAG,ACC,3,85.78947368421053,0.3080570103514673,0,,,,0,,,[]
Full,MUTAG,NMI,3,43.42511913542443,0.8371874804019713,0,,,,0,,,[]
Full,MUTAG,ARI,3,50.60755770670145,0.7454463940746212,0,,,,0,,,[]
Full,MUTAG,Macro-F1,3,84.25696488525209,0.28217697521591456,0,,,,0,,,[]
Full,PTC_MR,ACC,3,58.04201680672268,1.8966481497102095,0,,,,0,,,[]
Full,PTC_MR,NMI,3,2.167220784065448,0.3807964796087107,0,,,,0,,,[]
Full,PTC_MR,ARI,3,2.085305995861715,0.5223062518853439,0,,,,0,,,[]
Full,PTC_MR,Macro-F1,3,56.8117301122467,2.07295684388724,0,,,,0,,,[]
w/o ACVG,NCI1,ACC,3,75.23103583636633,0.36363752787504566,3,-0.43787782404509795,0.552048622567029,0.0,0,-1.8092426260836791,0.9334869779934831,"[-1.0697615356584294, -0.04913546737151364, -0.1947364691053508]"
w/o ACVG,NCI1,NMI,3,19.489853474062233,0.5307450404010049,3,-0.7420324157268704,0.820217868612598,0.0,0,-2.7795665549989024,1.2955017235451618,"[-1.6877677801626696, -0.22505331397833572, -0.313276153039606]"
w/o ACVG,NCI1,ARI,3,25.44817173191359,0.720239271700138,3,-0.8784065984363044,1.0593156333417937,0.0,0,-3.5098925118673394,1.7530793149947304,"[-2.0885412273011212, -0.1189688008829819, -0.42770976712481]"
w/o ACVG,NCI1,Macro-F1,3,75.20051793978263,0.37014285699581484,3,-0.43223195920818114,0.5578315433917119,0.0,0,-1.8179623329514234,0.9534984145350611,"[-1.0685470864167144, -0.027452660646858362, -0.2006961305609707]"
w/o ACVG,Mutagenicity,ACC,3,77.28724324405634,0.3812013763489461,3,-0.41490636733945035,0.528294806110001,0.3333333333333333,0,-1.7272634181191326,0.8974506834402318,"[0.1615825372997648, -0.8758957451524338, -0.530405894165682]"
w/o ACVG,Mutagenicity,NMI,3,22.383334679978798,0.616862119179947,3,-0.7507761747962007,0.8607162699885234,0.3333333333333333,0,-2.8889139201917704,1.387361570599369,"[0.1836755541782331, -1.5111444485071175, -0.9248596300597178]"
w/o ACVG,Mutagenicity,ARI,3,29.780206400000598,0.8127287967282739,3,-0.9020721386828505,1.1285041575096286,0.3333333333333333,0,-3.705431874219553,1.901287596853852,"[0.33532702756941646, -1.874542991183933, -1.167000452434035]"
w/o ACVG,Mutagenicity,Macro-F1,3,76.94027465447662,0.35834275626146583,3,-0.42485605552339223,0.49238393180541706,0.3333333333333333,0,-1.6480055491811314,0.7982934381343469,"[0.10822538537863124, -0.8625986139450532, -0.5201949380037547]"
w/o ACVG,COLLAB,ACC,4,73.29,0.7289261508090729,3,-0.6866666666666722,1.1900140055198207,0.3333333333333333,0,-3.6428253352895243,2.2694920019561797,"[0.5, -0.680000000000021, -1.8799999999999955]"
w/o ACVG,COLLAB,NMI,4,28.62605439263897,1.3538089371070072,3,-1.1694148523873693,1.4729008424792842,0.3333333333333333,0,-4.828303380858992,2.4894736760842533,"[0.5295131597326765, -2.087213322677073, -1.9505443942177116]"
w/o ACVG,COLLAB,ARI,4,33.63906754887026,1.4616529683361894,3,-1.1623642290836618,2.3118565880419206,0.3333333333333333,0,-6.905334363597044,4.580605905429721,"[1.0516348596255227, -0.9777226042008351, -3.561004942675673]"
w/o ACVG,COLLAB,Macro-F1,4,70.5584384213608,0.7740719032444472,3,-0.6425163043691811,1.0028896259348197,0.3333333333333333,0,-3.1338322448770484,1.8487996361386863,"[0.5073885272691712, -1.098823195878495, -1.3361142444982193]"
w/o ACVG,MUTAG,ACC,3,85.25367472735894,0.3038685627313783,3,0.5357989568515981,0.5334439700519339,0.6666666666666666,1,-0.7893493262602246,1.8609472399634206,"[0.5405405405405332, 1.4210854715202004e-14, 1.0668563300142466]"
w/o ACVG,MUTAG,NMI,3,41.70648383067019,2.227915352762454,3,1.7186353047542415,2.461528465911597,0.6666666666666666,0,-4.396140385963693,7.833410995472176,"[4.535930774014126, -0.015983391249399403, 0.6359585314979981]"
w/o ACVG,MUTAG,ARI,3,48.95908673181378,1.1435149288240676,3,1.648470974887682,1.7070837056557264,0.6666666666666666,0,-2.5921600354462075,5.889101985221572,"[2.1825732843983374, -0.26180439474120476, 3.024644035005913]"
w/o ACVG,MUTAG,Macro-F1,3,83.6252763557648,0.3165764901766996,3,0.6316885294872776,0.5916178413926484,0.6666666666666666,0,-0.8379716612605257,2.101348720235081,"[0.7691122372742996, -0.016547019916302474, 1.1425003711038357]"
w/o ACVG,PTC_MR,ACC,3,57.96918767507003,2.06446377701998,3,0.0728291316526608,1.7424838002217529,0.6666666666666666,0,-4.255740588592223,4.401398851897545,"[-1.7731092436974762, 1.6890756302520913, 0.3025210084033674]"
w/o ACVG,PTC_MR,NMI,3,2.2252080845993016,0.9838926637036604,3,-0.05798730053385396,0.9129870771008977,0.3333333333333333,0,-2.3259729291009,2.209998328033192,"[-0.9726973431531405, -0.054531559243256034, 0.8532670007948346]"
w/o ACVG,PTC_MR,ARI,3,1.9935237630330587,1.3729015584438884,3,0.09178223282865572,1.2861204057634719,0.6666666666666666,0,-3.1031179689800217,3.286682434637333,"[-1.2314549104001618, 0.16954440496976408, 1.3372572039163648]"
w/o ACVG,PTC_MR,Macro-F1,3,57.230227322335026,2.1542430775624797,3,-0.41849721008831625,1.9637474593861455,0.3333333333333333,0,-5.29671633030334,4.459721910126708,"[-2.503174812834004, 1.3964304558842002, -0.14874727331514492]"
w/o RDTG,NCI1,ACC,3,74.73665239288756,0.11009850446063676,3,0.056505619433674305,0.6987484209722545,0.6666666666666666,0,-1.6792816841294982,1.792292922996847,"[-0.7293062422521928, 0.29090557456413535, 0.6079175259890803]"
w/o RDTG,NCI1,NMI,3,18.74010592094795,0.1297776043322435,3,0.00771513738741092,1.1136867212087833,0.6666666666666666,0,-2.7588360458429038,2.7742663206177256,"[-1.2429042153226355, 0.3736765171081622, 0.8923731103767061]"
w/o RDTG,NCI1,ARI,3,24.47408570798132,0.2200888536111489,3,0.09567942549596253,1.3551103965962341,0.6666666666666666,0,-3.270601414273689,3.461960265265614,"[-1.4344416644329527, 0.5772416907843976, 1.1442382501364428]"
w/o RDTG,NCI1,Macro-F1,3,74.69946447675088,0.11660719553518152,3,0.0688215038235711,0.6952923491752506,0.6666666666666666,0,-1.6583804414541474,1.7960234491012896,"[-0.7145607171153614, 0.30830987857771674, 0.612715350008358]"
w/o RDTG,Mutagenicity,ACC,3,77.60987740839697,0.6366878644748861,3,-0.7375405316800728,0.34885146881007106,0.0,0,-1.6041356211506645,0.12905455779051878,"[-0.4607239226835418, -0.6225188240868533, -1.1293788482698233]"
w/o RDTG,Mutagenicity,NMI,3,23.0023865962584,1.1837251786036247,3,-1.369828091075803,0.6714075354485041,0.0,0,-3.037696869836778,0.29804068768517245,"[-0.9067815377132185, -1.0628543893799574, -2.139848346134233]"
w/o RDTG,Mutagenicity,ARI,3,30.523155767297244,1.4389884723993744,3,-1.645021505979494,0.8057737367400153,0.0,0,-3.6466744325533487,0.3566314205943606,"[-1.0686768933643016, -1.3006264400238265, -2.565761184550354]"
w/o RDTG,Mutagenicity,Macro-F1,3,77.27249533923514,0.6445909046063343,3,-0.757076740281903,0.35370780413116343,0.0,0,-1.6357356354645254,0.12158215490071933,"[-0.4829125975517172, -0.6319857240997493, -1.1563318991942424]"
w/o RDTG,COLLAB,ACC,3,73.42666666666668,0.6034346139668556,3,-0.6000000000000133,0.6791170738539793,0.3333333333333333,0,-2.2870203338542177,1.0870203338541908,"[-0.9200000000000017, 0.1799999999999784, -1.0600000000000165]"
w/o RDTG,COLLAB,NMI,3,29.214553633904416,0.764570651949547,3,-1.294786379854686,0.582504427496989,0.0,0,-2.741807595461492,0.1522348357521206,"[-1.8162726296004088, -0.6661431645385072, -1.401943345425142]"
w/o RDTG,COLLAB,ARI,3,33.81907369371448,0.9561740807454882,3,-0.9176737951038163,1.417445931612168,0.3333333333333333,0,-4.438804688188682,2.603457097981049,"[-1.4703982582752033, 0.6928641070376003, -1.9754872340738459]"
w/o RDTG,COLLAB,Macro-F1,3,70.6014818897015,0.8747568235711332,3,-0.4115590776899059,0.5034382284758141,0.3333333333333333,0,-1.6621689665834545,0.8390508112036428,"[-0.9705791861751862, 0.0060539766023168795, -0.2701520234968484]"
w/o RDTG,MUTAG,ACC,3,86.4959696538644,1.2401122424983468,3,-0.7064959696538627,1.5481034752630218,0.3333333333333333,0,-4.552198194246479,3.139206254938754,"[-1.5931721194879174, -1.6073968705547657, 1.081081081081095]"
w/o RDTG,MUTAG,NMI,3,44.498837928001535,2.0660165744992818,3,-1.073718792577104,2.8237435659595245,0.3333333333333333,0,-8.088286673089515,5.940849087935307,"[-1.2465446970537997, -3.8070799680578844, 1.8324682873803724]"
w/o RDTG,MUTAG,ARI,3,52.57061226413848,3.2814756405498327,3,-1.9630545574370235,4.008782431148174,0.3333333333333333,0,-11.921422172854374,7.995313057980327,"[-4.1043299289895785, -4.446504858426003, 2.661671115104511]"
w/o RDTG,MUTAG,Macro-F1,3,84.84142133228546,1.1320507720745803,3,-0.5844564470333893,1.3514467352269488,0.3333333333333333,0,-3.9416362474325157,2.772723353365737,"[-1.4301005330282095, -1.2974481378946905, 0.9741793298227321]"
w/o RDTG,PTC_MR,ACC,3,57.753501400560225,1.7521831255154114,3,0.2885154061624604,1.916488454107483,0.3333333333333333,0,-4.47230583682003,5.0493366491449505,"[-1.4621848739495817, 2.3361344537815043, -0.008403361344541338]"
w/o RDTG,PTC_MR,NMI,3,1.963226630978685,0.8445046541063758,3,0.20399415308676283,0.994136281481066,0.6666666666666666,0,-2.265577274359595,2.67356558053312,"[-0.9423356148119797, 0.8296280143361789, 0.7246900597360892]"
w/o RDTG,PTC_MR,ARI,3,1.7192705684138652,1.2388217902977174,3,0.3660354274478495,1.4122516141231918,0.6666666666666666,0,-3.142192065675846,3.8742629205715455,"[-1.2644529033349414, 1.2054761624188661, 1.1570830232596239]"
w/o RDTG,PTC_MR,Macro-F1,3,56.47107179538975,1.7548855341451588,3,0.34065831685695497,1.9921705225031516,0.6666666666666666,0,-4.6081676063304835,5.289484240044394,"[-1.5083767552675909, 2.45031102127367, 0.08004068456478564]"
w/o LTCP,NCI1,ACC,3,75.27986506829023,0.3508400561250997,3,-0.4867070559689968,0.7078635520486777,0.3333333333333333,0,-2.2451376003866597,1.2717234884486661,"[-1.289420610515137, 0.04810016277916418, -0.21880072017101782]"
w/o LTCP,NCI1,NMI,3,19.514841590125304,0.5843577462921149,3,-0.7670205317899423,1.0392844355608524,0.3333333333333333,0,-3.3487461914018115,1.8147051278219268,"[-1.9404322303349453, 0.03749458562176855, -0.3981239506566503]"
w/o LTCP,NCI1,ARI,3,25.52982221637014,0.686976094554531,3,-0.9600570828928513,1.3780719121107472,0.3333333333333333,0,-4.383377489271045,2.4632633234853425,"[-2.5196294739402596, 0.09337608001871445, -0.45391785475700885]"
w/o LTCP,NCI1,Macro-F1,3,75.2561339587756,0.34494884003958814,3,-0.48784797820115483,0.7193700958692466,0.3333333333333333,0,-2.2748623620554005,1.299166405653091,"[-1.3036605048939691, 0.055449480572590915, -0.21533291028208623]"
w/o LTCP,Mutagenicity,ACC,3,76.7802770378216,0.14357968671350002,3,0.09205983889529061,0.288209204966922,0.6666666666666666,0,-0.6238915160366209,0.808011193827202,"[0.18459749702358863, -0.231052144678344, 0.3226341643406272]"
w/o LTCP,Mutagenicity,NMI,3,21.48488111745174,0.3266960679761645,3,0.14767738773085526,0.4501806746017715,0.6666666666666666,0,-0.9706334031486095,1.26598817861032,"[0.18869012292911336, -0.32160632605296513, 0.5759483663164175]"
w/o LTCP,Mutagenicity,ARI,3,28.656879267912647,0.36309126588874774,3,0.22125499340510166,0.5803837929671777,0.6666666666666666,0,-1.2204982739933605,1.6630082608035637,"[0.35567416943997543, -0.4145440431378482, 0.7226348539131777]"
w/o LTCP,Mutagenicity,Macro-F1,3,76.42752072717269,0.13910143030341504,3,0.08789787178053625,0.29218896937825556,0.6666666666666666,0,-0.6379397660094509,0.8137355095705233,"[0.16596431555551305, -0.23539511967270244, 0.3331244194587981]"
w/o LTCP,COLLAB,ACC,3,73.11999999999999,0.5102940328869314,3,-0.29333333333333184,1.1524466726635765,0.6666666666666666,0,-3.15616957367811,2.569502907011447,"[0.46000000000002217, 0.2799999999999869, -1.6200000000000045]"
w/o LTCP,COLLAB,NMI,3,28.90301245125097,0.7461807223983596,3,-0.9832451972012363,1.063357926728373,0.0,0,-3.6247727240758323,1.6582823296733595,"[-0.5042006373243773, -0.24367743399993813, -2.2018575202793933]"
w/o LTCP,COLLAB,ARI,3,33.327741485231705,0.8221133202189018,3,-0.42634158662104465,2.0657689207258785,0.6666666666666666,0,-5.557996066357977,4.705312893115887,"[0.7113336791705649, 0.8204948911212497, -2.8108533301549485]"
w/o LTCP,COLLAB,Macro-F1,3,70.39800447606318,0.6373659036769151,3,-0.20808166405159056,1.1089395395631532,0.3333333333333333,0,-2.962840194331467,2.5466768662282857,"[0.9209631204451938, -0.24944986453908768, -1.2957582480608778]"
w/o LTCP,MUTAG,ACC,3,83.84068278805121,0.8101866780027368,3,1.948790896159328,0.615949789320361,1.0,0,0.4186867959639484,3.4788949963547076,"[2.6600284495021356, 1.5931721194879174, 1.5931721194879316]"
w/o LTCP,MUTAG,NMI,3,38.17519344059358,2.4467456090335062,3,5.24992569483085,2.350983775637461,1.0,0,-0.5902417619433447,11.090093151605044,"[7.8755866214117916, 4.534216021063031, 3.339974442017727]"
w/o LTCP,MUTAG,ARI,3,44.95247591243295,2.585209523736268,3,5.655081794268511,2.276081367384185,1.0,0,0.000982234537199922,11.309181353999822,"[8.283270845394796, 4.34461005884576, 4.337364478564979]"
w/o LTCP,MUTAG,Macro-F1,3,82.03827633401944,0.8260605009120916,3,2.2186885512326264,0.7624585954578731,1.0,0,0.32463640060753485,4.112740701857718,"[3.095649755753385, 1.8476423178928343, 1.7127735800516604]"
w/o LTCP,PTC_MR,ACC,3,57.061624649859944,2.7361599183943652,3,0.980392156862744,4.358099644010049,0.6666666666666666,0,-9.845727520388309,11.806511834113795,"[3.2184873949579824, 3.764705882352942, -4.0420168067226925]"
w/o LTCP,PTC_MR,NMI,3,1.7857559729375077,1.1369587064780098,3,0.38146481112793995,1.3468961942467803,0.6666666666666666,0,-2.9644108188134846,3.727340441069365,"[0.882737846466912, 1.405847260418554, -1.1441906735016463]"
w/o LTCP,PTC_MR,ARI,3,1.351772759381175,1.696138460008276,3,0.7335332364805399,1.970344380984009,0.6666666666666666,0,-4.161073545457198,5.628140018418277,"[1.6158707888381996, 2.1085052347049165, -1.5237763141014966]"
w/o LTCP,PTC_MR,Macro-F1,3,56.19385716004285,2.9456164745874767,3,0.6178729522038537,4.6229863708599455,0.6666666666666666,0,-10.866261832557134,12.102007736964842,"[2.887575363919929, 3.667318725151752, -4.7012752324601195]"
Backbone,NCI1,ACC,3,74.93076687262824,0.4053545661691148,3,-0.1376088603069879,0.40113351144426634,0.3333333333333333,0,-1.1340797435325225,0.8588620229185466,"[-0.5830836832658264, -0.024745151713887026, 0.1950022540587497]"
Backbone,NCI1,NMI,3,19.00348472556253,0.6762752379375869,3,-0.2556636672271691,0.5578326030141193,0.3333333333333333,0,-1.6413966732183936,1.1300693387640555,"[-0.8857764463282116, -0.056346757525481905, 0.17513220217218617]"
Backbone,NCI1,ARI,3,24.82890882477355,0.8043153492964122,3,-0.25914369129625925,0.761814001121918,0.3333333333333333,0,-2.151594580822624,1.6333071982301055,"[-1.1118497390735484, -0.019953348966765816, 0.3543720141515365]"
Backbone,NCI1,Macro-F1,3,74.8965903777381,0.3989897352189439,3,-0.12830439716363173,0.4111986986406354,0.3333333333333333,0,-1.1497785914794934,0.8931697971522299,"[-0.5842774674347879, -0.01499475226481195, 0.21435902820870467]"
Backbone,Mutagenicity,ACC,3,76.91048277881968,0.31357403250567106,3,-0.03814590210279315,0.2846350309481332,0.3333333333333333,0,-0.7452185165662731,0.6689267123606869,"[0.27692279104832096, -0.2767104269447316, -0.11465007041196884]"
Backbone,Mutagenicity,NMI,3,21.75376373389903,0.5831974889479249,3,-0.1212052287164352,0.457494169901815,0.3333333333333333,0,-1.2576837490754467,1.0152732916425764,"[0.3994071395722294, -0.45911931827511054, -0.30390350744642447]"
Backbone,Mutagenicity,ARI,3,28.996903348806228,0.7266050513617921,3,-0.11876908748847607,0.6100590687915902,0.3333333333333333,0,-1.6342398266689544,1.396701651692002,"[0.5749506988840416, -0.5716323339769467, -0.3596256273725231]"
Backbone,Mutagenicity,Macro-F1,3,76.55534259080156,0.32020720668176084,3,-0.03992399184832607,0.24688631294087382,0.3333333333333333,0,-0.6532235923397443,0.5733756086430921,"[0.23478037814463448, -0.24327605069026959, -0.1112763029993431]"
Backbone,COLLAB,ACC,3,73.22666666666666,0.15534906930308717,3,-0.40000000000000097,0.5480875842417874,0.3333333333333333,0,-1.761525037357161,0.9615250373571589,"[0.020000000000010232, -0.20000000000001705, -1.019999999999996]"
Backbone,COLLAB,NMI,3,29.15909376947751,1.0939914737334842,3,-1.2393265154277806,0.8848543942952235,0.0,0,-3.4374266857045415,0.9587736548489803,"[-0.9591153009161069, -2.230360178132482, -0.5285040672347527]"
Backbone,COLLAB,ARI,3,33.50296338922043,0.305096568664767,3,-0.6015634906097796,1.2557138659982188,0.6666666666666666,0,-3.7209296603037556,2.5178026790841965,"[0.2382571675495413, 0.002168334511345904, -2.0451159738902263]"
Backbone,COLLAB,Macro-F1,3,70.76466073830697,0.5424634994596039,3,-0.57473792629537,0.3443621884699759,0.0,0,-1.430181025174512,0.2807051725837718,"[-0.24419445799078687, -0.9314282554657893, -0.5485910654295338]"
Backbone,MUTAG,ACC,3,85.09246088193457,1.0679937038233764,3,0.6970128022759733,1.10468724411686,0.6666666666666666,0,-2.047182440524262,3.441208045076208,"[1.621621621621614, -0.5263157894736707, 0.9957325746799768]"
Backbone,MUTAG,NMI,3,40.20099090920932,2.024766716776635,3,3.2241282262151145,2.581002604621755,1.0,0,-3.187437678051614,9.635694130481843,"[5.784202166130811, 0.6226940746015472, 3.2654884379129854]"
Backbone,MUTAG,ARI,3,48.777691058644116,2.9156661189113824,3,1.8298666480573378,3.1050250595483204,0.6666666666666666,0,-5.883443198296459,9.543176494411135,"[4.670394128793156, -1.485056255276703, 2.304262070655561]"
Backbone,MUTAG,Macro-F1,3,83.54988580083888,1.2313671091853842,3,0.7070790844131997,1.339290808950402,0.6666666666666666,0,-2.619903721101101,4.0340618899275,"[2.097421379400288, -0.5745314018158609, 0.598347275655172]"
Backbone,PTC_MR,ACC,3,59.69747899159665,2.2263198887755733,3,-1.6554621848739544,2.6529745820837944,0.3333333333333333,0,-8.245816392543379,4.934892022795471,"[-4.109243697478995, 1.1596638655462144, -2.0168067226890827]"
Backbone,PTC_MR,NMI,3,3.648043024924617,1.9209426555087747,3,-1.480822240859169,2.0462434102018725,0.0,0,-6.563972663562241,3.6023281818439035,"[-3.829142446601172, -0.5328396175754735, -0.08048465840086139]"
Backbone,PTC_MR,ARI,3,4.025011624057608,2.612027411648682,3,-1.9397056281958942,2.770092157602489,0.0,0,-8.820996021920076,4.941584765528287,"[-5.121128406415849, -0.6359130277321632, -0.062075450439669666]"
Backbone,PTC_MR,Macro-F1,3,58.76791194236432,2.3428892058846973,3,-1.9561818301176146,3.0068504963780107,0.3333333333333333,0,-9.425612541765432,5.513248881530202,"[-4.742435659872605, 1.2310303961930984, -2.3571402266733372]"
ACVG only,NCI1,ACC,0,,,0,,,,0,,,[]
ACVG only,NCI1,NMI,0,,,0,,,,0,,,[]
ACVG only,NCI1,ARI,0,,,0,,,,0,,,[]
ACVG only,NCI1,Macro-F1,0,,,0,,,,0,,,[]
ACVG only,Mutagenicity,ACC,0,,,0,,,,0,,,[]
ACVG only,Mutagenicity,NMI,0,,,0,,,,0,,,[]
ACVG only,Mutagenicity,ARI,0,,,0,,,,0,,,[]
ACVG only,Mutagenicity,Macro-F1,0,,,0,,,,0,,,[]
ACVG only,COLLAB,ACC,0,,,0,,,,0,,,[]
ACVG only,COLLAB,NMI,0,,,0,,,,0,,,[]
ACVG only,COLLAB,ARI,0,,,0,,,,0,,,[]
ACVG only,COLLAB,Macro-F1,0,,,0,,,,0,,,[]
ACVG only,MUTAG,ACC,0,,,0,,,,0,,,[]
ACVG only,MUTAG,NMI,0,,,0,,,,0,,,[]
ACVG only,MUTAG,ARI,0,,,0,,,,0,,,[]
ACVG only,MUTAG,Macro-F1,0,,,0,,,,0,,,[]
ACVG only,PTC_MR,ACC,0,,,0,,,,0,,,[]
ACVG only,PTC_MR,NMI,0,,,0,,,,0,,,[]
ACVG only,PTC_MR,ARI,0,,,0,,,,0,,,[]
ACVG only,PTC_MR,Macro-F1,0,,,0,,,,0,,,[]
RDTG only,NCI1,ACC,0,,,0,,,,0,,,[]
RDTG only,NCI1,NMI,0,,,0,,,,0,,,[]
RDTG only,NCI1,ARI,0,,,0,,,,0,,,[]
RDTG only,NCI1,Macro-F1,0,,,0,,,,0,,,[]
RDTG only,Mutagenicity,ACC,0,,,0,,,,0,,,[]
RDTG only,Mutagenicity,NMI,0,,,0,,,,0,,,[]
RDTG only,Mutagenicity,ARI,0,,,0,,,,0,,,[]
RDTG only,Mutagenicity,Macro-F1,0,,,0,,,,0,,,[]
RDTG only,COLLAB,ACC,0,,,0,,,,0,,,[]
RDTG only,COLLAB,NMI,0,,,0,,,,0,,,[]
RDTG only,COLLAB,ARI,0,,,0,,,,0,,,[]
RDTG only,COLLAB,Macro-F1,0,,,0,,,,0,,,[]
RDTG only,MUTAG,ACC,0,,,0,,,,0,,,[]
RDTG only,MUTAG,NMI,0,,,0,,,,0,,,[]
RDTG only,MUTAG,ARI,0,,,0,,,,0,,,[]
RDTG only,MUTAG,Macro-F1,0,,,0,,,,0,,,[]
RDTG only,PTC_MR,ACC,0,,,0,,,,0,,,[]
RDTG only,PTC_MR,NMI,0,,,0,,,,0,,,[]
RDTG only,PTC_MR,ARI,0,,,0,,,,0,,,[]
RDTG only,PTC_MR,Macro-F1,0,,,0,,,,0,,,[]
LTCP only,NCI1,ACC,0,,,0,,,,0,,,[]
LTCP only,NCI1,NMI,0,,,0,,,,0,,,[]
LTCP only,NCI1,ARI,0,,,0,,,,0,,,[]
LTCP only,NCI1,Macro-F1,0,,,0,,,,0,,,[]
LTCP only,Mutagenicity,ACC,0,,,0,,,,0,,,[]
LTCP only,Mutagenicity,NMI,0,,,0,,,,0,,,[]
LTCP only,Mutagenicity,ARI,0,,,0,,,,0,,,[]
LTCP only,Mutagenicity,Macro-F1,0,,,0,,,,0,,,[]
LTCP only,COLLAB,ACC,0,,,0,,,,0,,,[]
LTCP only,COLLAB,NMI,0,,,0,,,,0,,,[]
LTCP only,COLLAB,ARI,0,,,0,,,,0,,,[]
LTCP only,COLLAB,Macro-F1,0,,,0,,,,0,,,[]
LTCP only,MUTAG,ACC,0,,,0,,,,0,,,[]
LTCP only,MUTAG,NMI,0,,,0,,,,0,,,[]
LTCP only,MUTAG,ARI,0,,,0,,,,0,,,[]
LTCP only,MUTAG,Macro-F1,0,,,0,,,,0,,,[]
LTCP only,PTC_MR,ACC,0,,,0,,,,0,,,[]
LTCP only,PTC_MR,NMI,0,,,0,,,,0,,,[]
LTCP only,PTC_MR,ARI,0,,,0,,,,0,,,[]
LTCP only,PTC_MR,Macro-F1,0,,,0,,,,0,,,[]
