configuration,dataset,seed,metric,full,ablated,full_minus_ablated,full_win,tie
w/o ACVG,NCI1,0,ACC,73.89329855090162,74.96306008656005,-1.0697615356584294,0,0
w/o ACVG,NCI1,1,ACC,75.03593467664817,75.08507014401968,-0.04913546737151364,0,0
w/o ACVG,NCI1,2,ACC,75.45024080941394,75.64497727851929,-0.1947364691053508,0,0
w/o ACVG,NCI1,0,NMI,17.381924645891946,19.069692426054615,-1.6877677801626696,0,0
w/o ACVG,NCI1,1,NMI,19.08850157205767,19.313554886036005,-0.22505331397833572,0,0
w/o ACVG,NCI1,2,NMI,19.773036957056473,20.08631311009608,-0.313276153039606,0,0
w/o ACVG,NCI1,0,ARI,22.81928600963682,24.90782723693794,-2.0885412273011212,0,0
w/o ACVG,NCI1,1,ARI,25.051866750673458,25.17083555155644,-0.1189688008829819,0,0
w/o ACVG,NCI1,2,ARI,25.838142640121582,26.265852407246392,-0.42770976712481,0,0
w/o ACVG,NCI1,0,Macro-F1,73.8624155416315,74.93096262804822,-1.0685470864167144,0,0
w/o ACVG,NCI1,1,Macro-F1,75.02059620304271,75.04804886368957,-0.027452660646858362,0,0
w/o ACVG,NCI1,2,Macro-F1,75.42184619704912,75.62254232761009,-0.2006961305609707,0,0
w/o ACVG,Mutagenicity,0,ACC,77.07970157534346,76.9181190380437,0.1615825372997648,1,0
w/o ACVG,Mutagenicity,1,ACC,76.38824405413693,77.26413979928937,-0.8758957451524338,0,0
w/o ACVG,Mutagenicity,2,ACC,77.14906500067028,77.67947089483596,-0.530405894165682,0,0
w/o ACVG,Mutagenicity,0,NMI,21.97868997460652,21.795014420428288,0.1836755541782331,1,0
w/o ACVG,Mutagenicity,1,NMI,20.818602854813037,22.329747303320154,-1.5111444485071175,0,0
w/o ACVG,Mutagenicity,2,NMI,22.100382686128228,23.025242316187946,-0.9248596300597178,0,0
w/o ACVG,Mutagenicity,0,ARI,29.33314448211713,28.997817454547715,0.33532702756941646,1,0
w/o ACVG,Mutagenicity,1,ARI,27.84804973705793,29.722592728241864,-1.874542991183933,0,0
w/o ACVG,Mutagenicity,2,ARI,29.453208564778187,30.620209017212222,-1.167000452434035,0,0
w/o ACVG,Mutagenicity,0,Macro-F1,76.71126390234483,76.6030385169662,0.10822538537863124,1,0
w/o ACVG,Mutagenicity,1,Macro-F1,76.03865651241942,76.90125512636448,-0.8625986139450532,0,0
w/o ACVG,Mutagenicity,2,Macro-F1,76.79633538209544,77.31653032009919,-0.5201949380037547,0,0
w/o ACVG,COLLAB,0,ACC,73.2,72.7,0.5,1,0
w/o ACVG,COLLAB,1,ACC,73.19999999999999,73.88000000000001,-0.680000000000021,0,0
w/o ACVG,COLLAB,2,ACC,72.08,73.96,-1.8799999999999955,0,0
w/o ACVG,COLLAB,0,NMI,28.268969437710883,27.739456277978206,0.5295131597326765,1,0
w/o ACVG,COLLAB,1,NMI,27.986596806663975,30.073810129341048,-2.087213322677073,0,0
w/o ACVG,COLLAB,2,NMI,27.503735517774334,29.454279911992046,-1.9505443942177116,0,0
w/o ACVG,COLLAB,0,ARI,33.43817721904923,32.38654235942371,1.0516348596255227,1,0
w/o ACVG,COLLAB,1,ARI,33.812240885046776,34.78996348924761,-0.9777226042008351,0,0
w/o ACVG,COLLAB,2,ARI,31.453781591735968,35.01478653441164,-3.561004942675673,0,0
w/o ACVG,COLLAB,0,Macro-F1,70.61227305504114,70.10488452777197,0.5073885272691712,1,0
w/o ACVG,COLLAB,1,Macro-F1,70.32393443027505,71.42275762615354,-1.098823195878495,0,0
w/o ACVG,COLLAB,2,Macro-F1,69.63356095071859,70.96967519521681,-1.3361142444982193,0,0
w/o ACVG,MUTAG,0,ACC,85.61877667140826,85.07823613086772,0.5405405405405332,1,0
w/o ACVG,MUTAG,1,ACC,85.60455192034141,85.6045519203414,1.4210854715202004e-14,0,1
w/o ACVG,MUTAG,2,ACC,86.14509246088195,85.07823613086771,1.0668563300142466,1,0
w/o ACVG,MUTAG,0,NMI,43.727535778964274,39.19160500495015,4.535930774014126,1,0
w/o ACVG,MUTAG,1,NMI,42.47874353086153,42.49472692211093,-0.015983391249399403,0,0
w/o ACVG,MUTAG,2,NMI,44.06907809644749,43.43311956494949,0.6359585314979981,1,0
w/o ACVG,MUTAG,0,ARI,50.36863968306892,48.18606639867058,2.1825732843983374,1,0
w/o ACVG,MUTAG,1,ARI,50.01086103717009,50.27266543191129,-0.26180439474120476,0,0
w/o ACVG,MUTAG,2,ARI,51.44317239986536,48.41852836485945,3.024644035005913,1,0
w/o ACVG,MUTAG,0,Macro-F1,84.26959884351322,83.50048660623892,0.7691122372742996,1,0
w/o ACVG,MUTAG,1,Macro-F1,83.96868313409139,83.9852301540077,-0.016547019916302474,0,0
w/o ACVG,MUTAG,2,Macro-F1,84.53261267815162,83.39011230704779,1.1425003711038357,1,0
w/o ACVG,PTC_MR,0,ACC,58.134453781512605,59.90756302521008,-1.7731092436974762,0,0
w/o ACVG,PTC_MR,1,ACC,59.890756302521005,58.201680672268914,1.6890756302520913,1,0
w/o ACVG,PTC_MR,2,ACC,56.10084033613445,55.798319327731086,0.3025210084033674,1,0
w/o ACVG,PTC_MR,0,NMI,1.942877396633276,2.9155747397864165,-0.9726973431531405,0,0
w/o ACVG,PTC_MR,1,NMI,2.6068959010750636,2.6614274603183197,-0.054531559243256034,0,0
w/o ACVG,PTC_MR,2,NMI,1.9518890544880036,1.098622053693169,0.8532670007948346,1,0
w/o ACVG,PTC_MR,0,ARI,1.7948295111347128,3.0262844215348745,-1.2314549104001618,0,0
w/o ACVG,PTC_MR,1,ARI,2.6882792921854723,2.5187348872157083,0.16954440496976408,1,0
w/o ACVG,PTC_MR,2,ARI,1.772809184264959,0.4355519803485941,1.3372572039163648,1,0
w/o ACVG,PTC_MR,0,Macro-F1,56.711828123889156,59.21500293672316,-2.503174812834004,0,0
w/o ACVG,PTC_MR,1,Macro-F1,58.9328316975609,57.5364012416767,1.3964304558842002,1,0
w/o ACVG,PTC_MR,2,Macro-F1,54.79053051529006,54.9392777886052,-0.14874727331514492,0,0
w/o RDTG,NCI1,0,ACC,73.89329855090162,74.62260479315381,-0.7293062422521928,0,0
w/o RDTG,NCI1,1,ACC,75.03593467664817,74.74502910208403,0.29090557456413535,1,0
w/o RDTG,NCI1,2,ACC,75.45024080941394,74.84232328342486,0.6079175259890803,1,0
w/o RDTG,NCI1,0,NMI,17.381924645891946,18.62482886121458,-1.2429042153226355,0,0
w/o RDTG,NCI1,1,NMI,19.08850157205767,18.714825054949507,0.3736765171081622,1,0
w/o RDTG,NCI1,2,NMI,19.773036957056473,18.880663846679766,0.8923731103767061,1,0
w/o RDTG,NCI1,0,ARI,22.81928600963682,24.253727674069772,-1.4344416644329527,0,0
w/o RDTG,NCI1,1,ARI,25.051866750673458,24.47462505988906,0.5772416907843976,1,0
w/o RDTG,NCI1,2,ARI,25.838142640121582,24.69390438998514,1.1442382501364428,1,0
w/o RDTG,NCI1,0,Macro-F1,73.8624155416315,74.57697625874687,-0.7145607171153614,0,0
w/o RDTG,NCI1,1,Macro-F1,75.02059620304271,74.712286324465,0.30830987857771674,1,0
w/o RDTG,NCI1,2,Macro-F1,75.42184619704912,74.80913084704076,0.612715350008358,1,0
w/o RDTG,Mutagenicity,0,ACC,77.07970157534346,77.540425498027,-0.4607239226835418,0,0
w/o RDTG,Mutagenicity,1,ACC,76.38824405413693,77.01076287822379,-0.6225188240868533,0,0
w/o RDTG,Mutagenicity,2,ACC,77.14906500067028,78.2784438489401,-1.1293788482698233,0,0
w/o RDTG,Mutagenicity,0,NMI,21.97868997460652,22.88547151231974,-0.9067815377132185,0,0
w/o RDTG,Mutagenicity,1,NMI,20.818602854813037,21.881457244192994,-1.0628543893799574,0,0
w/o RDTG,Mutagenicity,2,NMI,22.100382686128228,24.24023103226246,-2.139848346134233,0,0
w/o RDTG,Mutagenicity,0,ARI,29.33314448211713,30.401821375481433,-1.0686768933643016,0,0
w/o RDTG,Mutagenicity,1,ARI,27.84804973705793,29.148676177081757,-1.3006264400238265,0,0
w/o RDTG,Mutagenicity,2,ARI,29.453208564778187,32.01896974932854,-2.565761184550354,0,0
w/o RDTG,Mutagenicity,0,Macro-F1,76.71126390234483,77.19417649989654,-0.4829125975517172,0,0
w/o RDTG,Mutagenicity,1,Macro-F1,76.03865651241942,76.67064223651917,-0.6319857240997493,0,0
w/o RDTG,Mutagenicity,2,Macro-F1,76.79633538209544,77.95266728128968,-1.1563318991942424,0,0
w/o RDTG,COLLAB,0,ACC,73.2,74.12,-0.9200000000000017,0,0
w/o RDTG,COLLAB,1,ACC,73.19999999999999,73.02000000000001,0.1799999999999784,1,0
w/o RDTG,COLLAB,2,ACC,72.08,73.14000000000001,-1.0600000000000165,0,0
w/o RDTG,COLLAB,0,NMI,28.268969437710883,30.08524206731129,-1.8162726296004088,0,0
w/o RDTG,COLLAB,1,NMI,27.986596806663975,28.652739971202482,-0.6661431645385072,0,0
w/o RDTG,COLLAB,2,NMI,27.503735517774334,28.905678863199476,-1.401943345425142,0,0
w/o RDTG,COLLAB,0,ARI,33.43817721904923,34.90857547732443,-1.4703982582752033,0,0
w/o RDTG,COLLAB,1,ARI,33.812240885046776,33.119376778009176,0.6928641070376003,1,0
w/o RDTG,COLLAB,2,ARI,31.453781591735968,33.429268825809814,-1.9754872340738459,0,0
w/o RDTG,COLLAB,0,Macro-F1,70.61227305504114,71.58285224121633,-0.9705791861751862,0,0
w/o RDTG,COLLAB,1,Macro-F1,70.32393443027505,70.31788045367273,0.0060539766023168795,1,0
w/o RDTG,COLLAB,2,Macro-F1,69.63356095071859,69.90371297421544,-0.2701520234968484,0,0
w/o RDTG,MUTAG,0,ACC,85.61877667140826,87.21194879089617,-1.5931721194879174,0,0
w/o RDTG,MUTAG,1,ACC,85.60455192034141,87.21194879089617,-1.6073968705547657,0,0
w/o RDTG,MUTAG,2,ACC,86.14509246088195,85.06401137980086,1.081081081081095,1,0
w/o RDTG,MUTAG,0,NMI,43.727535778964274,44.974080476018074,-1.2465446970537997,0,0
w/o RDTG,MUTAG,1,NMI,42.47874353086153,46.28582349891941,-3.8070799680578844,0,0
w/o RDTG,MUTAG,2,NMI,44.06907809644749,42.23660980906712,1.8324682873803724,1,0
w/o RDTG,MUTAG,0,ARI,50.36863968306892,54.4729696120585,-4.1043299289895785,0,0
w/o RDTG,MUTAG,1,ARI,50.01086103717009,54.45736589559609,-4.446504858426003,0,0
w/o RDTG,MUTAG,2,ARI,51.44317239986536,48.78150128476085,2.661671115104511,1,0
w/o RDTG,MUTAG,0,Macro-F1,84.26959884351322,85.69969937654143,-1.4301005330282095,0,0
w/o RDTG,MUTAG,1,Macro-F1,83.96868313409139,85.26613127198608,-1.2974481378946905,0,0
w/o RDTG,MUTAG,2,Macro-F1,84.53261267815162,83.55843334832889,0.9741793298227321,1,0
w/o RDTG,PTC_MR,0,ACC,58.134453781512605,59.596638655462186,-1.4621848739495817,0,0
w/o RDTG,PTC_MR,1,ACC,59.890756302521005,57.5546218487395,2.3361344537815043,1,0
w/o RDTG,PTC_MR,2,ACC,56.10084033613445,56.109243697478995,-0.008403361344541338,0,0
w/o RDTG,PTC_MR,0,NMI,1.942877396633276,2.8852130114452557,-0.9423356148119797,0,0
w/o RDTG,PTC_MR,1,NMI,2.6068959010750636,1.7772678867388847,0.8296280143361789,1,0
w/o RDTG,PTC_MR,2,NMI,1.9518890544880036,1.2271989947519144,0.7246900597360892,1,0
w/o RDTG,PTC_MR,0,ARI,1.7948295111347128,3.059282414469654,-1.2644529033349414,0,0
w/o RDTG,PTC_MR,1,ARI,2.6882792921854723,1.4828031297666062,1.2054761624188661,1,0
w/o RDTG,PTC_MR,2,ARI,1.772809184264959,0.6157261610053351,1.1570830232596239,1,0
w/o RDTG,PTC_MR,0,Macro-F1,56.711828123889156,58.220204879156746,-1.5083767552675909,0,0
w/o RDTG,PTC_MR,1,Macro-F1,58.9328316975609,56.48252067628723,2.45031102127367,1,0
w/o RDTG,PTC_MR,2,Macro-F1,54.79053051529006,54.71048983072527,0.08004068456478564,1,0
w/o LTCP,NCI1,0,ACC,73.89329855090162,75.18271916141676,-1.289420610515137,0,0
w/o LTCP,NCI1,1,ACC,75.03593467664817,74.987834513869,0.04810016277916418,1,0
w/o LTCP,NCI1,2,ACC,75.45024080941394,75.66904152958496,-0.21880072017101782,0,0
w/o LTCP,NCI1,0,NMI,17.381924645891946,19.32235687622689,-1.9404322303349453,0,0
w/o LTCP,NCI1,1,NMI,19.08850157205767,19.0510069864359,0.03749458562176855,1,0
w/o LTCP,NCI1,2,NMI,19.773036957056473,20.171160907713123,-0.3981239506566503,0,0
w/o LTCP,NCI1,0,ARI,22.81928600963682,25.33891548357708,-2.5196294739402596,0,0
w/o LTCP,NCI1,1,ARI,25.051866750673458,24.958490670654744,0.09337608001871445,1,0
w/o LTCP,NCI1,2,ARI,25.838142640121582,26.29206049487859,-0.45391785475700885,0,0
w/o LTCP,NCI1,0,Macro-F1,73.8624155416315,75.16607604652548,-1.3036605048939691,0,0
w/o LTCP,NCI1,1,Macro-F1,75.02059620304271,74.96514672247012,0.055449480572590915,1,0
w/o LTCP,NCI1,2,Macro-F1,75.42184619704912,75.6371791073312,-0.21533291028208623,0,0
w/o LTCP,Mutagenicity,0,ACC,77.07970157534346,76.89510407831987,0.18459749702358863,1,0
w/o LTCP,Mutagenicity,1,ACC,76.38824405413693,76.61929619881528,-0.231052144678344,0,0
w/o LTCP,Mutagenicity,2,ACC,77.14906500067028,76.82643083632965,0.3226341643406272,1,0
w/o LTCP,Mutagenicity,0,NMI,21.97868997460652,21.789999851677408,0.18869012292911336,1,0
w/o LTCP,Mutagenicity,1,NMI,20.818602854813037,21.140209180866,-0.32160632605296513,0,0
w/o LTCP,Mutagenicity,2,NMI,22.100382686128228,21.52443431981181,0.5759483663164175,1,0
w/o LTCP,Mutagenicity,0,ARI,29.33314448211713,28.977470312677156,0.35567416943997543,1,0
w/o LTCP,Mutagenicity,1,ARI,27.84804973705793,28.26259378019578,-0.4145440431378482,0,0
w/o LTCP,Mutagenicity,2,ARI,29.453208564778187,28.73057371086501,0.7226348539131777,1,0
w/o LTCP,Mutagenicity,0,Macro-F1,76.71126390234483,76.54529958678931,0.16596431555551305,1,0
w/o LTCP,Mutagenicity,1,Macro-F1,76.03865651241942,76.27405163209212,-0.23539511967270244,0,0
w/o LTCP,Mutagenicity,2,Macro-F1,76.79633538209544,76.46321096263664,0.3331244194587981,1,0
w/o LTCP,COLLAB,0,ACC,73.2,72.73999999999998,0.46000000000002217,1,0
w/o LTCP,COLLAB,1,ACC,73.19999999999999,72.92,0.2799999999999869,1,0
w/o LTCP,COLLAB,2,ACC,72.08,73.7,-1.6200000000000045,0,0
w/o LTCP,COLLAB,0,NMI,28.268969437710883,28.77317007503526,-0.5042006373243773,0,0
w/o LTCP,COLLAB,1,NMI,27.986596806663975,28.230274240663913,-0.24367743399993813,0,0
w/o LTCP,COLLAB,2,NMI,27.503735517774334,29.705593038053728,-2.2018575202793933,0,0
w/o LTCP,COLLAB,0,ARI,33.43817721904923,32.726843539878665,0.7113336791705649,1,0
w/o LTCP,COLLAB,1,ARI,33.812240885046776,32.99174599392553,0.8204948911212497,1,0
w/o LTCP,COLLAB,2,ARI,31.453781591735968,34.26463492189092,-2.8108533301549485,0,0
w/o LTCP,COLLAB,0,Macro-F1,70.61227305504114,69.69130993459595,0.9209631204451938,1,0
w/o LTCP,COLLAB,1,Macro-F1,70.32393443027505,70.57338429481413,-0.24944986453908768,0,0
w/o LTCP,COLLAB,2,Macro-F1,69.63356095071859,70.92931919877947,-1.2957582480608778,0,0
w/o LTCP,MUTAG,0,ACC,85.61877667140826,82.95874822190612,2.6600284495021356,1,0
w/o LTCP,MUTAG,1,ACC,85.60455192034141,84.01137980085349,1.5931721194879174,1,0
w/o LTCP,MUTAG,2,ACC,86.14509246088195,84.55192034139402,1.5931721194879316,1,0
w/o LTCP,MUTAG,0,NMI,43.727535778964274,35.85194915755248,7.8755866214117916,1,0
w/o LTCP,MUTAG,1,NMI,42.47874353086153,37.9445275097985,4.534216021063031,1,0
w/o LTCP,MUTAG,2,NMI,44.06907809644749,40.729103654429764,3.339974442017727,1,0
w/o LTCP,MUTAG,0,ARI,50.36863968306892,42.085368837674125,8.283270845394796,1,0
w/o LTCP,MUTAG,1,ARI,50.01086103717009,45.66625097832433,4.34461005884576,1,0
w/o LTCP,MUTAG,2,ARI,51.44317239986536,47.10580792130038,4.337364478564979,1,0
w/o LTCP,MUTAG,0,Macro-F1,84.26959884351322,81.17394908775984,3.095649755753385,1,0
w/o LTCP,MUTAG,1,Macro-F1,83.96868313409139,82.12104081619856,1.8476423178928343,1,0
w/o LTCP,MUTAG,2,Macro-F1,84.53261267815162,82.81983909809996,1.7127735800516604,1,0
w/o LTCP,PTC_MR,0,ACC,58.134453781512605,54.91596638655462,3.2184873949579824,1,0
w/o LTCP,PTC_MR,1,ACC,59.890756302521005,56.12605042016806,3.764705882352942,1,0
w/o LTCP,PTC_MR,2,ACC,56.10084033613445,60.142857142857146,-4.0420168067226925,0,0
w/o LTCP,PTC_MR,0,NMI,1.942877396633276,1.060139550166364,0.882737846466912,1,0
w/o LTCP,PTC_MR,1,NMI,2.6068959010750636,1.2010486406565097,1.405847260418554,1,0
w/o LTCP,PTC_MR,2,NMI,1.9518890544880036,3.09607972798965,-1.1441906735016463,0,0
w/o LTCP,PTC_MR,0,ARI,1.7948295111347128,0.17895872229651313,1.6158707888381996,1,0
w/o LTCP,PTC_MR,1,ARI,2.6882792921854723,0.579774057480556,2.1085052347049165,1,0
w/o LTCP,PTC_MR,2,ARI,1.772809184264959,3.2965854983664555,-1.5237763141014966,0,0
w/o LTCP,PTC_MR,0,Macro-F1,56.711828123889156,53.82425275996923,2.887575363919929,1,0
w/o LTCP,PTC_MR,1,Macro-F1,58.9328316975609,55.26551297240915,3.667318725151752,1,0
w/o LTCP,PTC_MR,2,Macro-F1,54.79053051529006,59.49180574775018,-4.7012752324601195,0,0
Backbone,NCI1,0,ACC,73.89329855090162,74.47638223416745,-0.5830836832658264,0,0
Backbone,NCI1,1,ACC,75.03593467664817,75.06067982836205,-0.024745151713887026,0,0
Backbone,NCI1,2,ACC,75.45024080941394,75.25523855535519,0.1950022540587497,1,0
Backbone,NCI1,0,NMI,17.381924645891946,18.267701092220157,-0.8857764463282116,0,0
Backbone,NCI1,1,NMI,19.08850157205767,19.14484832958315,-0.056346757525481905,0,0
Backbone,NCI1,2,NMI,19.773036957056473,19.597904754884286,0.17513220217218617,1,0
Backbone,NCI1,0,ARI,22.81928600963682,23.931135748710368,-1.1118497390735484,0,0
Backbone,NCI1,1,ARI,25.051866750673458,25.071820099640224,-0.019953348966765816,0,0
Backbone,NCI1,2,ARI,25.838142640121582,25.483770625970045,0.3543720141515365,1,0
Backbone,NCI1,0,Macro-F1,73.8624155416315,74.4466930090663,-0.5842774674347879,0,0
Backbone,NCI1,1,Macro-F1,75.02059620304271,75.03559095530753,-0.01499475226481195,0,0
Backbone,NCI1,2,Macro-F1,75.42184619704912,75.20748716884042,0.21435902820870467,1,0
Backbone,Mutagenicity,0,ACC,77.07970157534346,76.80277878429514,0.27692279104832096,1,0
Backbone,Mutagenicity,1,ACC,76.38824405413693,76.66495448108166,-0.2767104269447316,0,0
Backbone,Mutagenicity,2,ACC,77.14906500067028,77.26371507108225,-0.11465007041196884,0,0
Backbone,Mutagenicity,0,NMI,21.97868997460652,21.57928283503429,0.3994071395722294,1,0
Backbone,Mutagenicity,1,NMI,20.818602854813037,21.277722173088147,-0.45911931827511054,0,0
Backbone,Mutagenicity,2,NMI,22.100382686128228,22.404286193574652,-0.30390350744642447,0,0
Backbone,Mutagenicity,0,ARI,29.33314448211713,28.75819378323309,0.5749506988840416,1,0
Backbone,Mutagenicity,1,ARI,27.84804973705793,28.419682071034877,-0.5716323339769467,0,0
Backbone,Mutagenicity,2,ARI,29.453208564778187,29.81283419215071,-0.3596256273725231,0,0
Backbone,Mutagenicity,0,Macro-F1,76.71126390234483,76.47648352420019,0.23478037814463448,1,0
Backbone,Mutagenicity,1,Macro-F1,76.03865651241942,76.28193256310969,-0.24327605069026959,0,0
Backbone,Mutagenicity,2,Macro-F1,76.79633538209544,76.90761168509478,-0.1112763029993431,0,0
Backbone,COLLAB,0,ACC,73.2,73.17999999999999,0.020000000000010232,1,0
Backbone,COLLAB,1,ACC,73.19999999999999,73.4,-0.20000000000001705,0,0
Backbone,COLLAB,2,ACC,72.08,73.1,-1.019999999999996,0,0
Backbone,COLLAB,0,NMI,28.268969437710883,29.22808473862699,-0.9591153009161069,0,0
Backbone,COLLAB,1,NMI,27.986596806663975,30.216956984796457,-2.230360178132482,0,0
Backbone,COLLAB,2,NMI,27.503735517774334,28.032239585009087,-0.5285040672347527,0,0
Backbone,COLLAB,0,ARI,33.43817721904923,33.19992005149969,0.2382571675495413,1,0
Backbone,COLLAB,1,ARI,33.812240885046776,33.81007255053543,0.002168334511345904,1,0
Backbone,COLLAB,2,ARI,31.453781591735968,33.498897565626194,-2.0451159738902263,0,0
Backbone,COLLAB,0,Macro-F1,70.61227305504114,70.85646751303193,-0.24419445799078687,0,0
Backbone,COLLAB,1,Macro-F1,70.32393443027505,71.25536268574083,-0.9314282554657893,0,0
Backbone,COLLAB,2,Macro-F1,69.63356095071859,70.18215201614812,-0.5485910654295338,0,0
Backbone,MUTAG,0,ACC,85.61877667140826,83.99715504978664,1.621621621621614,1,0
Backbone,MUTAG,1,ACC,85.60455192034141,86.13086770981508,-0.5263157894736707,0,0
Backbone,MUTAG,2,ACC,86.14509246088195,85.14935988620198,0.9957325746799768,1,0
Backbone,MUTAG,0,NMI,43.727535778964274,37.94333361283346,5.784202166130811,1,0
Backbone,MUTAG,1,NMI,42.47874353086153,41.85604945625998,0.6226940746015472,1,0
Backbone,MUTAG,2,NMI,44.06907809644749,40.803589658534506,3.2654884379129854,1,0
Backbone,MUTAG,0,ARI,50.36863968306892,45.698245554275765,4.670394128793156,1,0
Backbone,MUTAG,1,ARI,50.01086103717009,51.49591729244679,-1.485056255276703,0,0
Backbone,MUTAG,2,ARI,51.44317239986536,49.1389103292098,2.304262070655561,1,0
Backbone,MUTAG,0,Macro-F1,84.26959884351322,82.17217746411293,2.097421379400288,1,0
Backbone,MUTAG,1,Macro-F1,83.96868313409139,84.54321453590725,-0.5745314018158609,0,0
Backbone,MUTAG,2,Macro-F1,84.53261267815162,83.93426540249645,0.598347275655172,1,0
Backbone,PTC_MR,0,ACC,58.134453781512605,62.2436974789916,-4.109243697478995,0,0
Backbone,PTC_MR,1,ACC,59.890756302521005,58.73109243697479,1.1596638655462144,1,0
Backbone,PTC_MR,2,ACC,56.10084033613445,58.117647058823536,-2.0168067226890827,0,0
Backbone,PTC_MR,0,NMI,1.942877396633276,5.772019843234448,-3.829142446601172,0,0
Backbone,PTC_MR,1,NMI,2.6068959010750636,3.139735518650537,-0.5328396175754735,0,0
Backbone,PTC_MR,2,NMI,1.9518890544880036,2.032373712888865,-0.08048465840086139,0,0
Backbone,PTC_MR,0,ARI,1.7948295111347128,6.915957917550561,-5.121128406415849,0,0
Backbone,PTC_MR,1,ARI,2.6882792921854723,3.3241923199176355,-0.6359130277321632,0,0
Backbone,PTC_MR,2,ARI,1.772809184264959,1.8348846347046286,-0.062075450439669666,0,0
Backbone,PTC_MR,0,Macro-F1,56.711828123889156,61.45426378376176,-4.742435659872605,0,0
Backbone,PTC_MR,1,Macro-F1,58.9328316975609,57.7018013013678,1.2310303961930984,1,0
Backbone,PTC_MR,2,Macro-F1,54.79053051529006,57.147670741963395,-2.3571402266733372,0,0
