configuration,dataset,seed,status,use_acvg,use_rdtg,use_ltcp,ACC,NMI,ARI,Macro-F1,split_sha256,failed_attempts,duration_seconds,result_path
Full,NCI1,0,completed,1,1,1,73.89329855090162,17.381924645891946,22.81928600963682,73.8624155416315,732066f12d1096a6ec16ed075f0f4a3c34e95443373dabf5da22c785d7897efe,0,150.1081705999095,/home/Lim/Project-xmlg/output/ablation/jobs/Full__NCI1__seed0.json
Full,NCI1,1,completed,1,1,1,75.03593467664817,19.08850157205767,25.051866750673458,75.02059620304271,732066f12d1096a6ec16ed075f0f4a3c34e95443373dabf5da22c785d7897efe,0,114.83177894703113,/home/Lim/Project-xmlg/output/ablation/jobs/Full__NCI1__seed1.json
Full,NCI1,2,completed,1,1,1,75.45024080941394,19.773036957056473,25.838142640121582,75.42184619704912,732066f12d1096a6ec16ed075f0f4a3c34e95443373dabf5da22c785d7897efe,0,95.80432912101969,/home/Lim/Project-xmlg/output/ablation/jobs/Full__NCI1__seed2.json
Full,NCI1,3,pending,1,1,1,,,,,732066f12d1096a6ec16ed075f0f4a3c34e95443373dabf5da22c785d7897efe,0,,/home/Lim/Project-xmlg/output/ablation/jobs/Full__NCI1__seed3.json
Full,NCI1,4,pending,1,1,1,,,,,732066f12d1096a6ec16ed075f0f4a3c34e95443373dabf5da22c785d7897efe,0,,/home/Lim/Project-xmlg/output/ablation/jobs/Full__NCI1__seed4.json
Full,Mutagenicity,0,completed,1,1,1,77.07970157534346,21.97868997460652,29.33314448211713,76.71126390234483,50de8558a04013f9a521e9ba8c01ade39498acaffab1cc78aa1f0f182b3f54a9,0,155.48282572603785,/home/Lim/Project-xmlg/output/ablation/jobs/Full__Mutagenicity__seed0.json
Full,Mutagenicity,1,completed,1,1,1,76.38824405413693,20.818602854813037,27.84804973705793,76.03865651241942,50de8558a04013f9a521e9ba8c01ade39498acaffab1cc78aa1f0f182b3f54a9,0,151.2690343291033,/home/Lim/Project-xmlg/output/ablation/jobs/Full__Mutagenicity__seed1.json
Full,Mutagenicity,2,completed,1,1,1,77.14906500067028,22.100382686128228,29.453208564778187,76.79633538209544,50de8558a04013f9a521e9ba8c01ade39498acaffab1cc78aa1f0f182b3f54a9,0,153.4325753489975,/home/Lim/Project-xmlg/output/ablation/jobs/Full__Mutagenicity__seed2.json
Full,Mutagenicity,3,pending,1,1,1,,,,,50de8558a04013f9a521e9ba8c01ade39498acaffab1cc78aa1f0f182b3f54a9,0,,/home/Lim/Project-xmlg/output/ablation/jobs/Full__Mutagenicity__seed3.json
Full,Mutagenicity,4,pending,1,1,1,,,,,50de8558a04013f9a521e9ba8c01ade39498acaffab1cc78aa1f0f182b3f54a9,0,,/home/Lim/Project-xmlg/output/ablation/jobs/Full__Mutagenicity__seed4.json
Full,COLLAB,0,completed,1,1,1,73.2,28.268969437710883,33.43817721904923,70.61227305504114,b3f7393c3a73bd9e906f0775d3fbbdf69fa13e55f848115da83429a5fa91f6bd,0,1782.3706398108043,/home/Lim/Project-xmlg/output/ablation/jobs/Full__COLLAB__seed0.json
Full,COLLAB,1,completed,1,1,1,73.19999999999999,27.986596806663975,33.812240885046776,70.32393443027505,b3f7393c3a73bd9e906f0775d3fbbdf69fa13e55f848115da83429a5fa91f6bd,0,1694.564208367141,/home/Lim/Project-xmlg/output/ablation/jobs/Full__COLLAB__seed1.json
Full,COLLAB,2,completed,1,1,1,72.08,27.503735517774334,31.453781591735968,69.63356095071859,b3f7393c3a73bd9e906f0775d3fbbdf69fa13e55f848115da83429a5fa91f6bd,0,1038.2914679478854,/home/Lim/Project-xmlg/output/ablation/jobs/Full__COLLAB__seed2.json
Full,COLLAB,3,pending,1,1,1,,,,,b3f7393c3a73bd9e906f0775d3fbbdf69fa13e55f848115da83429a5fa91f6bd,0,,/home/Lim/Project-xmlg/output/ablation/jobs/Full__COLLAB__seed3.json
Full,COLLAB,4,pending,1,1,1,,,,,b3f7393c3a73bd9e906f0775d3fbbdf69fa13e55f848115da83429a5fa91f6bd,0,,/home/Lim/Project-xmlg/output/ablation/jobs/Full__COLLAB__seed4.json
Full,MUTAG,0,completed,1,1,1,85.61877667140826,43.727535778964274,50.36863968306892,84.26959884351322,28e2e07cffef62098c674f89a00476c8927951b6ecace0e182f8b71e197e39bb,0,8.955288342898712,/home/Lim/Project-xmlg/output/ablation/jobs/Full__MUTAG__seed0.json
Full,MUTAG,1,completed,1,1,1,85.60455192034141,42.47874353086153,50.01086103717009,83.96868313409139,28e2e07cffef62098c674f89a00476c8927951b6ecace0e182f8b71e197e39bb,0,12.151237259153277,/home/Lim/Project-xmlg/output/ablation/jobs/Full__MUTAG__seed1.json
Full,MUTAG,2,completed,1,1,1,86.14509246088195,44.06907809644749,51.44317239986536,84.53261267815162,28e2e07cffef62098c674f89a00476c8927951b6ecace0e182f8b71e197e39bb,0,8.931677383137867,/home/Lim/Project-xmlg/output/ablation/jobs/Full__MUTAG__seed2.json
Full,MUTAG,3,pending,1,1,1,,,,,28e2e07cffef62098c674f89a00476c8927951b6ecace0e182f8b71e197e39bb,0,,/home/Lim/Project-xmlg/output/ablation/jobs/Full__MUTAG__seed3.json
Full,MUTAG,4,pending,1,1,1,,,,,28e2e07cffef62098c674f89a00476c8927951b6ecace0e182f8b71e197e39bb,0,,/home/Lim/Project-xmlg/output/ablation/jobs/Full__MUTAG__seed4.json
Full,PTC_MR,0,completed,1,1,1,58.134453781512605,1.942877396633276,1.7948295111347128,56.711828123889156,00a16c4486514f1d2c7bf19b3238b64e2421dc70d9baccfc646995642118cf5c,0,14.010719227138907,/home/Lim/Project-xmlg/output/ablation/jobs/Full__PTC_MR__seed0.json
Full,PTC_MR,1,completed,1,1,1,59.890756302521005,2.6068959010750636,2.6882792921854723,58.9328316975609,00a16c4486514f1d2c7bf19b3238b64e2421dc70d9baccfc646995642118cf5c,0,13.403633308131248,/home/Lim/Project-xmlg/output/ablation/jobs/Full__PTC_MR__seed1.json
Full,PTC_MR,2,completed,1,1,1,56.10084033613445,1.9518890544880036,1.772809184264959,54.79053051529006,00a16c4486514f1d2c7bf19b3238b64e2421dc70d9baccfc646995642118cf5c,0,12.452217244077474,/home/Lim/Project-xmlg/output/ablation/jobs/Full__PTC_MR__seed2.json
Full,PTC_MR,3,pending,1,1,1,,,,,00a16c4486514f1d2c7bf19b3238b64e2421dc70d9baccfc646995642118cf5c,0,,/home/Lim/Project-xmlg/output/ablation/jobs/Full__PTC_MR__seed3.json
Full,PTC_MR,4,pending,1,1,1,,,,,00a16c4486514f1d2c7bf19b3238b64e2421dc70d9baccfc646995642118cf5c,0,,/home/Lim/Project-xmlg/output/ablation/jobs/Full__PTC_MR__seed4.json
w/o ACVG,NCI1,0,completed,0,1,1,74.96306008656005,19.069692426054615,24.90782723693794,74.93096262804822,732066f12d1096a6ec16ed075f0f4a3c34e95443373dabf5da22c785d7897efe,0,145.28440963290632,/home/Lim/Project-xmlg/output/ablation/jobs/without_ACVG__NCI1__seed0.json
w/o ACVG,NCI1,1,completed,0,1,1,75.08507014401968,19.313554886036005,25.17083555155644,75.04804886368957,732066f12d1096a6ec16ed075f0f4a3c34e95443373dabf5da22c785d7897efe,0,111.97135645290837,/home/Lim/Project-xmlg/output/ablation/jobs/without_ACVG__NCI1__seed1.json
w/o ACVG,NCI1,2,completed,0,1,1,75.64497727851929,20.08631311009608,26.265852407246392,75.62254232761009,732066f12d1096a6ec16ed075f0f4a3c34e95443373dabf5da22c785d7897efe,0,112.43965249904431,/home/Lim/Project-xmlg/output/ablation/jobs/without_ACVG__NCI1__seed2.json
w/o ACVG,NCI1,3,pending,0,1,1,,,,,732066f12d1096a6ec16ed075f0f4a3c34e95443373dabf5da22c785d7897efe,0,,/home/Lim/Project-xmlg/output/ablation/jobs/without_ACVG__NCI1__seed3.json
w/o ACVG,NCI1,4,pending,0,1,1,,,,,732066f12d1096a6ec16ed075f0f4a3c34e95443373dabf5da22c785d7897efe,0,,/home/Lim/Project-xmlg/output/ablation/jobs/without_ACVG__NCI1__seed4.json
w/o ACVG,Mutagenicity,0,completed,0,1,1,76.9181190380437,21.795014420428288,28.997817454547715,76.6030385169662,50de8558a04013f9a521e9ba8c01ade39498acaffab1cc78aa1f0f182b3f54a9,0,150.16396352718584,/home/Lim/Project-xmlg/output/ablation/jobs/without_ACVG__Mutagenicity__seed0.json
w/o ACVG,Mutagenicity,1,completed,0,1,1,77.26413979928937,22.329747303320154,29.722592728241864,76.90125512636448,50de8558a04013f9a521e9ba8c01ade39498acaffab1cc78aa1f0f182b3f54a9,0,108.48362453188747,/home/Lim/Project-xmlg/output/ablation/jobs/without_ACVG__Mutagenicity__seed1.json
w/o ACVG,Mutagenicity,2,completed,0,1,1,77.67947089483596,23.025242316187946,30.620209017212222,77.31653032009919,50de8558a04013f9a521e9ba8c01ade39498acaffab1cc78aa1f0f182b3f54a9,0,116.02129044686444,/home/Lim/Project-xmlg/output/ablation/jobs/without_ACVG__Mutagenicity__seed2.json
w/o ACVG,Mutagenicity,3,pending,0,1,1,,,,,50de8558a04013f9a521e9ba8c01ade39498acaffab1cc78aa1f0f182b3f54a9,0,,/home/Lim/Project-xmlg/output/ablation/jobs/without_ACVG__Mutagenicity__seed3.json
w/o ACVG,Mutagenicity,4,pending,0,1,1,,,,,50de8558a04013f9a521e9ba8c01ade39498acaffab1cc78aa1f0f182b3f54a9,0,,/home/Lim/Project-xmlg/output/ablation/jobs/without_ACVG__Mutagenicity__seed4.json
w/o ACVG,COLLAB,0,completed,0,1,1,72.7,27.739456277978206,32.38654235942371,70.10488452777197,b3f7393c3a73bd9e906f0775d3fbbdf69fa13e55f848115da83429a5fa91f6bd,0,1661.5254652469885,/home/Lim/Project-xmlg/output/ablation/jobs/without_ACVG__COLLAB__seed0.json
w/o ACVG,COLLAB,1,completed,0,1,1,73.88000000000001,30.073810129341048,34.78996348924761,71.42275762615354,b3f7393c3a73bd9e906f0775d3fbbdf69fa13e55f848115da83429a5fa91f6bd,0,1046.3831427879632,/home/Lim/Project-xmlg/output/ablation/jobs/without_ACVG__COLLAB__seed1.json
w/o ACVG,COLLAB,2,completed,0,1,1,73.96,29.454279911992046,35.01478653441164,70.96967519521681,b3f7393c3a73bd9e906f0775d3fbbdf69fa13e55f848115da83429a5fa91f6bd,0,1680.686970395036,/home/Lim/Project-xmlg/output/ablation/jobs/without_ACVG__COLLAB__seed2.json
w/o ACVG,COLLAB,3,completed,0,1,1,72.62,27.23667125124458,32.36497781239807,69.73643633630091,b3f7393c3a73bd9e906f0775d3fbbdf69fa13e55f848115da83429a5fa91f6bd,0,1045.8984740430024,/home/Lim/Project-xmlg/output/ablation/jobs/without_ACVG__COLLAB__seed3.json
w/o ACVG,COLLAB,4,pending,0,1,1,,,,,b3f7393c3a73bd9e906f0775d3fbbdf69fa13e55f848115da83429a5fa91f6bd,0,,/home/Lim/Project-xmlg/output/ablation/jobs/without_ACVG__COLLAB__seed4.json
w/o ACVG,MUTAG,0,completed,0,1,1,85.07823613086772,39.19160500495015,48.18606639867058,83.50048660623892,28e2e07cffef62098c674f89a00476c8927951b6ecace0e182f8b71e197e39bb,0,9.421390949981287,/home/Lim/Project-xmlg/output/ablation/jobs/without_ACVG__MUTAG__seed0.json
w/o ACVG,MUTAG,1,completed,0,1,1,85.6045519203414,42.49472692211093,50.27266543191129,83.9852301540077,28e2e07cffef62098c674f89a00476c8927951b6ecace0e182f8b71e197e39bb,0,9.580254931002855,/home/Lim/Project-xmlg/output/ablation/jobs/without_ACVG__MUTAG__seed1.json
w/o ACVG,MUTAG,2,completed,0,1,1,85.07823613086771,43.43311956494949,48.41852836485945,83.39011230704779,28e2e07cffef62098c674f89a00476c8927951b6ecace0e182f8b71e197e39bb,0,8.922550279879943,/home/Lim/Project-xmlg/output/ablation/jobs/without_ACVG__MUTAG__seed2.json
w/o ACVG,MUTAG,3,pending,0,1,1,,,,,28e2e07cffef62098c674f89a00476c8927951b6ecace0e182f8b71e197e39bb,0,,/home/Lim/Project-xmlg/output/ablation/jobs/without_ACVG__MUTAG__seed3.json
w/o ACVG,MUTAG,4,pending,0,1,1,,,,,28e2e07cffef62098c674f89a00476c8927951b6ecace0e182f8b71e197e39bb,0,,/home/Lim/Project-xmlg/output/ablation/jobs/without_ACVG__MUTAG__seed4.json
w/o ACVG,PTC_MR,0,completed,0,1,1,59.90756302521008,2.9155747397864165,3.0262844215348745,59.21500293672316,00a16c4486514f1d2c7bf19b3238b64e2421dc70d9baccfc646995642118cf5c,0,11.985242770053446,/home/Lim/Project-xmlg/output/ablation/jobs/without_ACVG__PTC_MR__seed0.json
w/o ACVG,PTC_MR,1,completed,0,1,1,58.201680672268914,2.6614274603183197,2.5187348872157083,57.5364012416767,00a16c4486514f1d2c7bf19b3238b64e2421dc70d9baccfc646995642118cf5c,0,10.842187708010897,/home/Lim/Project-xmlg/output/ablation/jobs/without_ACVG__PTC_MR__seed1.json
w/o ACVG,PTC_MR,2,completed,0,1,1,55.798319327731086,1.098622053693169,0.4355519803485941,54.9392777886052,00a16c4486514f1d2c7bf19b3238b64e2421dc70d9baccfc646995642118cf5c,0,10.984760588034987,/home/Lim/Project-xmlg/output/ablation/jobs/without_ACVG__PTC_MR__seed2.json
w/o ACVG,PTC_MR,3,pending,0,1,1,,,,,00a16c4486514f1d2c7bf19b3238b64e2421dc70d9baccfc646995642118cf5c,0,,/home/Lim/Project-xmlg/output/ablation/jobs/without_ACVG__PTC_MR__seed3.json
w/o ACVG,PTC_MR,4,pending,0,1,1,,,,,00a16c4486514f1d2c7bf19b3238b64e2421dc70d9baccfc646995642118cf5c,0,,/home/Lim/Project-xmlg/output/ablation/jobs/without_ACVG__PTC_MR__seed4.json
w/o RDTG,NCI1,0,completed,1,0,1,74.62260479315381,18.62482886121458,24.253727674069772,74.57697625874687,732066f12d1096a6ec16ed075f0f4a3c34e95443373dabf5da22c785d7897efe,0,148.70890725008212,/home/Lim/Project-xmlg/output/ablation/jobs/without_RDTG__NCI1__seed0.json
w/o RDTG,NCI1,1,completed,1,0,1,74.74502910208403,18.714825054949507,24.47462505988906,74.712286324465,732066f12d1096a6ec16ed075f0f4a3c34e95443373dabf5da22c785d7897efe,0,127.92852597916499,/home/Lim/Project-xmlg/output/ablation/jobs/without_RDTG__NCI1__seed1.json
w/o RDTG,NCI1,2,completed,1,0,1,74.84232328342486,18.880663846679766,24.69390438998514,74.80913084704076,732066f12d1096a6ec16ed075f0f4a3c34e95443373dabf5da22c785d7897efe,0,101.4967698911205,/home/Lim/Project-xmlg/output/ablation/jobs/without_RDTG__NCI1__seed2.json
w/o RDTG,NCI1,3,pending,1,0,1,,,,,732066f12d1096a6ec16ed075f0f4a3c34e95443373dabf5da22c785d7897efe,0,,/home/Lim/Project-xmlg/output/ablation/jobs/without_RDTG__NCI1__seed3.json
w/o RDTG,NCI1,4,pending,1,0,1,,,,,732066f12d1096a6ec16ed075f0f4a3c34e95443373dabf5da22c785d7897efe,0,,/home/Lim/Project-xmlg/output/ablation/jobs/without_RDTG__NCI1__seed4.json
w/o RDTG,Mutagenicity,0,completed,1,0,1,77.540425498027,22.88547151231974,30.401821375481433,77.19417649989654,50de8558a04013f9a521e9ba8c01ade39498acaffab1cc78aa1f0f182b3f54a9,0,113.30038728611544,/home/Lim/Project-xmlg/output/ablation/jobs/without_RDTG__Mutagenicity__seed0.json
w/o RDTG,Mutagenicity,1,completed,1,0,1,77.01076287822379,21.881457244192994,29.148676177081757,76.67064223651917,50de8558a04013f9a521e9ba8c01ade39498acaffab1cc78aa1f0f182b3f54a9,0,145.7057495880872,/home/Lim/Project-xmlg/output/ablation/jobs/without_RDTG__Mutagenicity__seed1.json
w/o RDTG,Mutagenicity,2,completed,1,0,1,78.2784438489401,24.24023103226246,32.01896974932854,77.95266728128968,50de8558a04013f9a521e9ba8c01ade39498acaffab1cc78aa1f0f182b3f54a9,0,146.46289011999033,/home/Lim/Project-xmlg/output/ablation/jobs/without_RDTG__Mutagenicity__seed2.json
w/o RDTG,Mutagenicity,3,pending,1,0,1,,,,,50de8558a04013f9a521e9ba8c01ade39498acaffab1cc78aa1f0f182b3f54a9,0,,/home/Lim/Project-xmlg/output/ablation/jobs/without_RDTG__Mutagenicity__seed3.json
w/o RDTG,Mutagenicity,4,pending,1,0,1,,,,,50de8558a04013f9a521e9ba8c01ade39498acaffab1cc78aa1f0f182b3f54a9,0,,/home/Lim/Project-xmlg/output/ablation/jobs/without_RDTG__Mutagenicity__seed4.json
w/o RDTG,COLLAB,0,completed,1,0,1,74.12,30.08524206731129,34.90857547732443,71.58285224121633,b3f7393c3a73bd9e906f0775d3fbbdf69fa13e55f848115da83429a5fa91f6bd,0,1688.9464344598819,/home/Lim/Project-xmlg/output/ablation/jobs/without_RDTG__COLLAB__seed0.json
w/o RDTG,COLLAB,1,completed,1,0,1,73.02000000000001,28.652739971202482,33.119376778009176,70.31788045367273,b3f7393c3a73bd9e906f0775d3fbbdf69fa13e55f848115da83429a5fa91f6bd,0,1055.7137590439525,/home/Lim/Project-xmlg/output/ablation/jobs/without_RDTG__COLLAB__seed1.json
w/o RDTG,COLLAB,2,completed,1,0,1,73.14000000000001,28.905678863199476,33.429268825809814,69.90371297421544,b3f7393c3a73bd9e906f0775d3fbbdf69fa13e55f848115da83429a5fa91f6bd,0,1058.2250639828853,/home/Lim/Project-xmlg/output/ablation/jobs/without_RDTG__COLLAB__seed2.json
w/o RDTG,COLLAB,3,pending,1,0,1,,,,,b3f7393c3a73bd9e906f0775d3fbbdf69fa13e55f848115da83429a5fa91f6bd,0,,/home/Lim/Project-xmlg/output/ablation/jobs/without_RDTG__COLLAB__seed3.json
w/o RDTG,COLLAB,4,pending,1,0,1,,,,,b3f7393c3a73bd9e906f0775d3fbbdf69fa13e55f848115da83429a5fa91f6bd,0,,/home/Lim/Project-xmlg/output/ablation/jobs/without_RDTG__COLLAB__seed4.json
w/o RDTG,MUTAG,0,completed,1,0,1,87.21194879089617,44.974080476018074,54.4729696120585,85.69969937654143,28e2e07cffef62098c674f89a00476c8927951b6ecace0e182f8b71e197e39bb,0,9.295531283132732,/home/Lim/Project-xmlg/output/ablation/jobs/without_RDTG__MUTAG__seed0.json
w/o RDTG,MUTAG,1,completed,1,0,1,87.21194879089617,46.28582349891941,54.45736589559609,85.26613127198608,28e2e07cffef62098c674f89a00476c8927951b6ecace0e182f8b71e197e39bb,0,10.504565090872347,/home/Lim/Project-xmlg/output/ablation/jobs/without_RDTG__MUTAG__seed1.json
w/o RDTG,MUTAG,2,completed,1,0,1,85.06401137980086,42.23660980906712,48.78150128476085,83.55843334832889,28e2e07cffef62098c674f89a00476c8927951b6ecace0e182f8b71e197e39bb,0,9.103926038136706,/home/Lim/Project-xmlg/output/ablation/jobs/without_RDTG__MUTAG__seed2.json
w/o RDTG,MUTAG,3,pending,1,0,1,,,,,28e2e07cffef62098c674f89a00476c8927951b6ecace0e182f8b71e197e39bb,0,,/home/Lim/Project-xmlg/output/ablation/jobs/without_RDTG__MUTAG__seed3.json
w/o RDTG,MUTAG,4,pending,1,0,1,,,,,28e2e07cffef62098c674f89a00476c8927951b6ecace0e182f8b71e197e39bb,0,,/home/Lim/Project-xmlg/output/ablation/jobs/without_RDTG__MUTAG__seed4.json
w/o RDTG,PTC_MR,0,completed,1,0,1,59.596638655462186,2.8852130114452557,3.059282414469654,58.220204879156746,00a16c4486514f1d2c7bf19b3238b64e2421dc70d9baccfc646995642118cf5c,0,12.492810962023214,/home/Lim/Project-xmlg/output/ablation/jobs/without_RDTG__PTC_MR__seed0.json
w/o RDTG,PTC_MR,1,completed,1,0,1,57.5546218487395,1.7772678867388847,1.4828031297666062,56.48252067628723,00a16c4486514f1d2c7bf19b3238b64e2421dc70d9baccfc646995642118cf5c,0,14.209795922972262,/home/Lim/Project-xmlg/output/ablation/jobs/without_RDTG__PTC_MR__seed1.json
w/o RDTG,PTC_MR,2,completed,1,0,1,56.109243697478995,1.2271989947519144,0.6157261610053351,54.71048983072527,00a16c4486514f1d2c7bf19b3238b64e2421dc70d9baccfc646995642118cf5c,0,15.267694239038974,/home/Lim/Project-xmlg/output/ablation/jobs/without_RDTG__PTC_MR__seed2.json
w/o RDTG,PTC_MR,3,pending,1,0,1,,,,,00a16c4486514f1d2c7bf19b3238b64e2421dc70d9baccfc646995642118cf5c,0,,/home/Lim/Project-xmlg/output/ablation/jobs/without_RDTG__PTC_MR__seed3.json
w/o RDTG,PTC_MR,4,pending,1,0,1,,,,,00a16c4486514f1d2c7bf19b3238b64e2421dc70d9baccfc646995642118cf5c,0,,/home/Lim/Project-xmlg/output/ablation/jobs/without_RDTG__PTC_MR__seed4.json
w/o LTCP,NCI1,0,completed,1,1,0,75.18271916141676,19.32235687622689,25.33891548357708,75.16607604652548,732066f12d1096a6ec16ed075f0f4a3c34e95443373dabf5da22c785d7897efe,0,147.62187017314136,/home/Lim/Project-xmlg/output/ablation/jobs/without_LTCP__NCI1__seed0.json
w/o LTCP,NCI1,1,completed,1,1,0,74.987834513869,19.0510069864359,24.958490670654744,74.96514672247012,732066f12d1096a6ec16ed075f0f4a3c34e95443373dabf5da22c785d7897efe,0,90.20575636695139,/home/Lim/Project-xmlg/output/ablation/jobs/without_LTCP__NCI1__seed1.json
w/o LTCP,NCI1,2,completed,1,1,0,75.66904152958496,20.171160907713123,26.29206049487859,75.6371791073312,732066f12d1096a6ec16ed075f0f4a3c34e95443373dabf5da22c785d7897efe,0,140.02002512593754,/home/Lim/Project-xmlg/output/ablation/jobs/without_LTCP__NCI1__seed2.json
w/o LTCP,NCI1,3,pending,1,1,0,,,,,732066f12d1096a6ec16ed075f0f4a3c34e95443373dabf5da22c785d7897efe,0,,/home/Lim/Project-xmlg/output/ablation/jobs/without_LTCP__NCI1__seed3.json
w/o LTCP,NCI1,4,pending,1,1,0,,,,,732066f12d1096a6ec16ed075f0f4a3c34e95443373dabf5da22c785d7897efe,0,,/home/Lim/Project-xmlg/output/ablation/jobs/without_LTCP__NCI1__seed4.json
w/o LTCP,Mutagenicity,0,completed,1,1,0,76.89510407831987,21.789999851677408,28.977470312677156,76.54529958678931,50de8558a04013f9a521e9ba8c01ade39498acaffab1cc78aa1f0f182b3f54a9,0,118.39039690117352,/home/Lim/Project-xmlg/output/ablation/jobs/without_LTCP__Mutagenicity__seed0.json
w/o LTCP,Mutagenicity,1,completed,1,1,0,76.61929619881528,21.140209180866,28.26259378019578,76.27405163209212,50de8558a04013f9a521e9ba8c01ade39498acaffab1cc78aa1f0f182b3f54a9,0,99.0540929841809,/home/Lim/Project-xmlg/output/ablation/jobs/without_LTCP__Mutagenicity__seed1.json
w/o LTCP,Mutagenicity,2,completed,1,1,0,76.82643083632965,21.52443431981181,28.73057371086501,76.46321096263664,50de8558a04013f9a521e9ba8c01ade39498acaffab1cc78aa1f0f182b3f54a9,0,116.4602189778816,/home/Lim/Project-xmlg/output/ablation/jobs/without_LTCP__Mutagenicity__seed2.json
w/o LTCP,Mutagenicity,3,pending,1,1,0,,,,,50de8558a04013f9a521e9ba8c01ade39498acaffab1cc78aa1f0f182b3f54a9,0,,/home/Lim/Project-xmlg/output/ablation/jobs/without_LTCP__Mutagenicity__seed3.json
w/o LTCP,Mutagenicity,4,pending,1,1,0,,,,,50de8558a04013f9a521e9ba8c01ade39498acaffab1cc78aa1f0f182b3f54a9,0,,/home/Lim/Project-xmlg/output/ablation/jobs/without_LTCP__Mutagenicity__seed4.json
w/o LTCP,COLLAB,0,completed,1,1,0,72.73999999999998,28.77317007503526,32.726843539878665,69.69130993459595,b3f7393c3a73bd9e906f0775d3fbbdf69fa13e55f848115da83429a5fa91f6bd,0,1525.0375922790263,/home/Lim/Project-xmlg/output/ablation/jobs/without_LTCP__COLLAB__seed0.json
w/o LTCP,COLLAB,1,completed,1,1,0,72.92,28.230274240663913,32.99174599392553,70.57338429481413,b3f7393c3a73bd9e906f0775d3fbbdf69fa13e55f848115da83429a5fa91f6bd,0,1676.0469891580287,/home/Lim/Project-xmlg/output/ablation/jobs/without_LTCP__COLLAB__seed1.json
w/o LTCP,COLLAB,2,completed,1,1,0,73.7,29.705593038053728,34.26463492189092,70.92931919877947,b3f7393c3a73bd9e906f0775d3fbbdf69fa13e55f848115da83429a5fa91f6bd,0,1682.1237759292126,/home/Lim/Project-xmlg/output/ablation/jobs/without_LTCP__COLLAB__seed2.json
w/o LTCP,COLLAB,3,pending,1,1,0,,,,,b3f7393c3a73bd9e906f0775d3fbbdf69fa13e55f848115da83429a5fa91f6bd,0,,/home/Lim/Project-xmlg/output/ablation/jobs/without_LTCP__COLLAB__seed3.json
w/o LTCP,COLLAB,4,pending,1,1,0,,,,,b3f7393c3a73bd9e906f0775d3fbbdf69fa13e55f848115da83429a5fa91f6bd,0,,/home/Lim/Project-xmlg/output/ablation/jobs/without_LTCP__COLLAB__seed4.json
w/o LTCP,MUTAG,0,completed,1,1,0,82.95874822190612,35.85194915755248,42.085368837674125,81.17394908775984,28e2e07cffef62098c674f89a00476c8927951b6ecace0e182f8b71e197e39bb,0,9.961693234974518,/home/Lim/Project-xmlg/output/ablation/jobs/without_LTCP__MUTAG__seed0.json
w/o LTCP,MUTAG,1,completed,1,1,0,84.01137980085349,37.9445275097985,45.66625097832433,82.12104081619856,28e2e07cffef62098c674f89a00476c8927951b6ecace0e182f8b71e197e39bb,0,11.946281000040472,/home/Lim/Project-xmlg/output/ablation/jobs/without_LTCP__MUTAG__seed1.json
w/o LTCP,MUTAG,2,completed,1,1,0,84.55192034139402,40.729103654429764,47.10580792130038,82.81983909809996,28e2e07cffef62098c674f89a00476c8927951b6ecace0e182f8b71e197e39bb,0,8.625687025021762,/home/Lim/Project-xmlg/output/ablation/jobs/without_LTCP__MUTAG__seed2.json
w/o LTCP,MUTAG,3,pending,1,1,0,,,,,28e2e07cffef62098c674f89a00476c8927951b6ecace0e182f8b71e197e39bb,0,,/home/Lim/Project-xmlg/output/ablation/jobs/without_LTCP__MUTAG__seed3.json
w/o LTCP,MUTAG,4,pending,1,1,0,,,,,28e2e07cffef62098c674f89a00476c8927951b6ecace0e182f8b71e197e39bb,0,,/home/Lim/Project-xmlg/output/ablation/jobs/without_LTCP__MUTAG__seed4.json
w/o LTCP,PTC_MR,0,completed,1,1,0,54.91596638655462,1.060139550166364,0.17895872229651313,53.82425275996923,00a16c4486514f1d2c7bf19b3238b64e2421dc70d9baccfc646995642118cf5c,0,13.43469961406663,/home/Lim/Project-xmlg/output/ablation/jobs/without_LTCP__PTC_MR__seed0.json
w/o LTCP,PTC_MR,1,completed,1,1,0,56.12605042016806,1.2010486406565097,0.579774057480556,55.26551297240915,00a16c4486514f1d2c7bf19b3238b64e2421dc70d9baccfc646995642118cf5c,0,13.005038601811975,/home/Lim/Project-xmlg/output/ablation/jobs/without_LTCP__PTC_MR__seed1.json
w/o LTCP,PTC_MR,2,completed,1,1,0,60.142857142857146,3.09607972798965,3.2965854983664555,59.49180574775018,00a16c4486514f1d2c7bf19b3238b64e2421dc70d9baccfc646995642118cf5c,0,11.167352475924417,/home/Lim/Project-xmlg/output/ablation/jobs/without_LTCP__PTC_MR__seed2.json
w/o LTCP,PTC_MR,3,pending,1,1,0,,,,,00a16c4486514f1d2c7bf19b3238b64e2421dc70d9baccfc646995642118cf5c,0,,/home/Lim/Project-xmlg/output/ablation/jobs/without_LTCP__PTC_MR__seed3.json
w/o LTCP,PTC_MR,4,pending,1,1,0,,,,,00a16c4486514f1d2c7bf19b3238b64e2421dc70d9baccfc646995642118cf5c,0,,/home/Lim/Project-xmlg/output/ablation/jobs/without_LTCP__PTC_MR__seed4.json
Backbone,NCI1,0,completed,0,0,0,74.47638223416745,18.267701092220157,23.931135748710368,74.4466930090663,732066f12d1096a6ec16ed075f0f4a3c34e95443373dabf5da22c785d7897efe,0,142.36499614501372,/home/Lim/Project-xmlg/output/ablation/jobs/Backbone__NCI1__seed0.json
Backbone,NCI1,1,completed,0,0,0,75.06067982836205,19.14484832958315,25.071820099640224,75.03559095530753,732066f12d1096a6ec16ed075f0f4a3c34e95443373dabf5da22c785d7897efe,0,94.2347322772257,/home/Lim/Project-xmlg/output/ablation/jobs/Backbone__NCI1__seed1.json
Backbone,NCI1,2,completed,0,0,0,75.25523855535519,19.597904754884286,25.483770625970045,75.20748716884042,732066f12d1096a6ec16ed075f0f4a3c34e95443373dabf5da22c785d7897efe,0,110.89299346413463,/home/Lim/Project-xmlg/output/ablation/jobs/Backbone__NCI1__seed2.json
Backbone,NCI1,3,pending,0,0,0,,,,,732066f12d1096a6ec16ed075f0f4a3c34e95443373dabf5da22c785d7897efe,0,,/home/Lim/Project-xmlg/output/ablation/jobs/Backbone__NCI1__seed3.json
Backbone,NCI1,4,pending,0,0,0,,,,,732066f12d1096a6ec16ed075f0f4a3c34e95443373dabf5da22c785d7897efe,0,,/home/Lim/Project-xmlg/output/ablation/jobs/Backbone__NCI1__seed4.json
Backbone,Mutagenicity,0,completed,0,0,0,76.80277878429514,21.57928283503429,28.75819378323309,76.47648352420019,50de8558a04013f9a521e9ba8c01ade39498acaffab1cc78aa1f0f182b3f54a9,0,155.94545703800395,/home/Lim/Project-xmlg/output/ablation/jobs/Backbone__Mutagenicity__seed0.json
Backbone,Mutagenicity,1,completed,0,0,0,76.66495448108166,21.277722173088147,28.419682071034877,76.28193256310969,50de8558a04013f9a521e9ba8c01ade39498acaffab1cc78aa1f0f182b3f54a9,0,112.15790623403154,/home/Lim/Project-xmlg/output/ablation/jobs/Backbone__Mutagenicity__seed1.json
Backbone,Mutagenicity,2,completed,0,0,0,77.26371507108225,22.404286193574652,29.81283419215071,76.90761168509478,50de8558a04013f9a521e9ba8c01ade39498acaffab1cc78aa1f0f182b3f54a9,0,149.03998869401403,/home/Lim/Project-xmlg/output/ablation/jobs/Backbone__Mutagenicity__seed2.json
Backbone,Mutagenicity,3,pending,0,0,0,,,,,50de8558a04013f9a521e9ba8c01ade39498acaffab1cc78aa1f0f182b3f54a9,0,,/home/Lim/Project-xmlg/output/ablation/jobs/Backbone__Mutagenicity__seed3.json
Backbone,Mutagenicity,4,pending,0,0,0,,,,,50de8558a04013f9a521e9ba8c01ade39498acaffab1cc78aa1f0f182b3f54a9,0,,/home/Lim/Project-xmlg/output/ablation/jobs/Backbone__Mutagenicity__seed4.json
Backbone,COLLAB,0,completed,0,0,0,73.17999999999999,29.22808473862699,33.19992005149969,70.85646751303193,b3f7393c3a73bd9e906f0775d3fbbdf69fa13e55f848115da83429a5fa91f6bd,0,1014.5897727948613,/home/Lim/Project-xmlg/output/ablation/jobs/Backbone__COLLAB__seed0.json
Backbone,COLLAB,1,completed,0,0,0,73.4,30.216956984796457,33.81007255053543,71.25536268574083,b3f7393c3a73bd9e906f0775d3fbbdf69fa13e55f848115da83429a5fa91f6bd,0,1010.4502445359249,/home/Lim/Project-xmlg/output/ablation/jobs/Backbone__COLLAB__seed1.json
Backbone,COLLAB,2,completed,0,0,0,73.1,28.032239585009087,33.498897565626194,70.18215201614812,b3f7393c3a73bd9e906f0775d3fbbdf69fa13e55f848115da83429a5fa91f6bd,0,1041.0225838061888,/home/Lim/Project-xmlg/output/ablation/jobs/Backbone__COLLAB__seed2.json
Backbone,COLLAB,3,pending,0,0,0,,,,,b3f7393c3a73bd9e906f0775d3fbbdf69fa13e55f848115da83429a5fa91f6bd,0,,/home/Lim/Project-xmlg/output/ablation/jobs/Backbone__COLLAB__seed3.json
Backbone,COLLAB,4,pending,0,0,0,,,,,b3f7393c3a73bd9e906f0775d3fbbdf69fa13e55f848115da83429a5fa91f6bd,0,,/home/Lim/Project-xmlg/output/ablation/jobs/Backbone__COLLAB__seed4.json
Backbone,MUTAG,0,completed,0,0,0,83.99715504978664,37.94333361283346,45.698245554275765,82.17217746411293,28e2e07cffef62098c674f89a00476c8927951b6ecace0e182f8b71e197e39bb,0,7.836799507029355,/home/Lim/Project-xmlg/output/ablation/jobs/Backbone__MUTAG__seed0.json
Backbone,MUTAG,1,completed,0,0,0,86.13086770981508,41.85604945625998,51.49591729244679,84.54321453590725,28e2e07cffef62098c674f89a00476c8927951b6ecace0e182f8b71e197e39bb,0,11.35843209293671,/home/Lim/Project-xmlg/output/ablation/jobs/Backbone__MUTAG__seed1.json
Backbone,MUTAG,2,completed,0,0,0,85.14935988620198,40.803589658534506,49.1389103292098,83.93426540249645,28e2e07cffef62098c674f89a00476c8927951b6ecace0e182f8b71e197e39bb,0,8.668435936095193,/home/Lim/Project-xmlg/output/ablation/jobs/Backbone__MUTAG__seed2.json
Backbone,MUTAG,3,pending,0,0,0,,,,,28e2e07cffef62098c674f89a00476c8927951b6ecace0e182f8b71e197e39bb,0,,/home/Lim/Project-xmlg/output/ablation/jobs/Backbone__MUTAG__seed3.json
Backbone,MUTAG,4,pending,0,0,0,,,,,28e2e07cffef62098c674f89a00476c8927951b6ecace0e182f8b71e197e39bb,0,,/home/Lim/Project-xmlg/output/ablation/jobs/Backbone__MUTAG__seed4.json
Backbone,PTC_MR,0,completed,0,0,0,62.2436974789916,5.772019843234448,6.915957917550561,61.45426378376176,00a16c4486514f1d2c7bf19b3238b64e2421dc70d9baccfc646995642118cf5c,0,11.997059802059084,/home/Lim/Project-xmlg/output/ablation/jobs/Backbone__PTC_MR__seed0.json
Backbone,PTC_MR,1,completed,0,0,0,58.73109243697479,3.139735518650537,3.3241923199176355,57.7018013013678,00a16c4486514f1d2c7bf19b3238b64e2421dc70d9baccfc646995642118cf5c,0,14.422859844053164,/home/Lim/Project-xmlg/output/ablation/jobs/Backbone__PTC_MR__seed1.json
Backbone,PTC_MR,2,completed,0,0,0,58.117647058823536,2.032373712888865,1.8348846347046286,57.147670741963395,00a16c4486514f1d2c7bf19b3238b64e2421dc70d9baccfc646995642118cf5c,0,9.353392892051488,/home/Lim/Project-xmlg/output/ablation/jobs/Backbone__PTC_MR__seed2.json
Backbone,PTC_MR,3,pending,0,0,0,,,,,00a16c4486514f1d2c7bf19b3238b64e2421dc70d9baccfc646995642118cf5c,0,,/home/Lim/Project-xmlg/output/ablation/jobs/Backbone__PTC_MR__seed3.json
Backbone,PTC_MR,4,pending,0,0,0,,,,,00a16c4486514f1d2c7bf19b3238b64e2421dc70d9baccfc646995642118cf5c,0,,/home/Lim/Project-xmlg/output/ablation/jobs/Backbone__PTC_MR__seed4.json
ACVG only,NCI1,0,pending,1,0,0,,,,,732066f12d1096a6ec16ed075f0f4a3c34e95443373dabf5da22c785d7897efe,0,,/home/Lim/Project-xmlg/output/ablation/jobs/ACVG_only__NCI1__seed0.json
ACVG only,NCI1,1,pending,1,0,0,,,,,732066f12d1096a6ec16ed075f0f4a3c34e95443373dabf5da22c785d7897efe,0,,/home/Lim/Project-xmlg/output/ablation/jobs/ACVG_only__NCI1__seed1.json
ACVG only,NCI1,2,pending,1,0,0,,,,,732066f12d1096a6ec16ed075f0f4a3c34e95443373dabf5da22c785d7897efe,0,,/home/Lim/Project-xmlg/output/ablation/jobs/ACVG_only__NCI1__seed2.json
ACVG only,NCI1,3,pending,1,0,0,,,,,732066f12d1096a6ec16ed075f0f4a3c34e95443373dabf5da22c785d7897efe,0,,/home/Lim/Project-xmlg/output/ablation/jobs/ACVG_only__NCI1__seed3.json
ACVG only,NCI1,4,pending,1,0,0,,,,,732066f12d1096a6ec16ed075f0f4a3c34e95443373dabf5da22c785d7897efe,0,,/home/Lim/Project-xmlg/output/ablation/jobs/ACVG_only__NCI1__seed4.json
ACVG only,Mutagenicity,0,pending,1,0,0,,,,,50de8558a04013f9a521e9ba8c01ade39498acaffab1cc78aa1f0f182b3f54a9,0,,/home/Lim/Project-xmlg/output/ablation/jobs/ACVG_only__Mutagenicity__seed0.json
ACVG only,Mutagenicity,1,pending,1,0,0,,,,,50de8558a04013f9a521e9ba8c01ade39498acaffab1cc78aa1f0f182b3f54a9,0,,/home/Lim/Project-xmlg/output/ablation/jobs/ACVG_only__Mutagenicity__seed1.json
ACVG only,Mutagenicity,2,pending,1,0,0,,,,,50de8558a04013f9a521e9ba8c01ade39498acaffab1cc78aa1f0f182b3f54a9,0,,/home/Lim/Project-xmlg/output/ablation/jobs/ACVG_only__Mutagenicity__seed2.json
ACVG only,Mutagenicity,3,pending,1,0,0,,,,,50de8558a04013f9a521e9ba8c01ade39498acaffab1cc78aa1f0f182b3f54a9,0,,/home/Lim/Project-xmlg/output/ablation/jobs/ACVG_only__Mutagenicity__seed3.json
ACVG only,Mutagenicity,4,pending,1,0,0,,,,,50de8558a04013f9a521e9ba8c01ade39498acaffab1cc78aa1f0f182b3f54a9,0,,/home/Lim/Project-xmlg/output/ablation/jobs/ACVG_only__Mutagenicity__seed4.json
ACVG only,COLLAB,0,pending,1,0,0,,,,,b3f7393c3a73bd9e906f0775d3fbbdf69fa13e55f848115da83429a5fa91f6bd,0,,/home/Lim/Project-xmlg/output/ablation/jobs/ACVG_only__COLLAB__seed0.json
ACVG only,COLLAB,1,pending,1,0,0,,,,,b3f7393c3a73bd9e906f0775d3fbbdf69fa13e55f848115da83429a5fa91f6bd,0,,/home/Lim/Project-xmlg/output/ablation/jobs/ACVG_only__COLLAB__seed1.json
ACVG only,COLLAB,2,pending,1,0,0,,,,,b3f7393c3a73bd9e906f0775d3fbbdf69fa13e55f848115da83429a5fa91f6bd,0,,/home/Lim/Project-xmlg/output/ablation/jobs/ACVG_only__COLLAB__seed2.json
ACVG only,COLLAB,3,pending,1,0,0,,,,,b3f7393c3a73bd9e906f0775d3fbbdf69fa13e55f848115da83429a5fa91f6bd,0,,/home/Lim/Project-xmlg/output/ablation/jobs/ACVG_only__COLLAB__seed3.json
ACVG only,COLLAB,4,pending,1,0,0,,,,,b3f7393c3a73bd9e906f0775d3fbbdf69fa13e55f848115da83429a5fa91f6bd,0,,/home/Lim/Project-xmlg/output/ablation/jobs/ACVG_only__COLLAB__seed4.json
ACVG only,MUTAG,0,pending,1,0,0,,,,,28e2e07cffef62098c674f89a00476c8927951b6ecace0e182f8b71e197e39bb,0,,/home/Lim/Project-xmlg/output/ablation/jobs/ACVG_only__MUTAG__seed0.json
ACVG only,MUTAG,1,pending,1,0,0,,,,,28e2e07cffef62098c674f89a00476c8927951b6ecace0e182f8b71e197e39bb,0,,/home/Lim/Project-xmlg/output/ablation/jobs/ACVG_only__MUTAG__seed1.json
ACVG only,MUTAG,2,pending,1,0,0,,,,,28e2e07cffef62098c674f89a00476c8927951b6ecace0e182f8b71e197e39bb,0,,/home/Lim/Project-xmlg/output/ablation/jobs/ACVG_only__MUTAG__seed2.json
ACVG only,MUTAG,3,pending,1,0,0,,,,,28e2e07cffef62098c674f89a00476c8927951b6ecace0e182f8b71e197e39bb,0,,/home/Lim/Project-xmlg/output/ablation/jobs/ACVG_only__MUTAG__seed3.json
ACVG only,MUTAG,4,pending,1,0,0,,,,,28e2e07cffef62098c674f89a00476c8927951b6ecace0e182f8b71e197e39bb,0,,/home/Lim/Project-xmlg/output/ablation/jobs/ACVG_only__MUTAG__seed4.json
ACVG only,PTC_MR,0,pending,1,0,0,,,,,00a16c4486514f1d2c7bf19b3238b64e2421dc70d9baccfc646995642118cf5c,0,,/home/Lim/Project-xmlg/output/ablation/jobs/ACVG_only__PTC_MR__seed0.json
ACVG only,PTC_MR,1,pending,1,0,0,,,,,00a16c4486514f1d2c7bf19b3238b64e2421dc70d9baccfc646995642118cf5c,0,,/home/Lim/Project-xmlg/output/ablation/jobs/ACVG_only__PTC_MR__seed1.json
ACVG only,PTC_MR,2,pending,1,0,0,,,,,00a16c4486514f1d2c7bf19b3238b64e2421dc70d9baccfc646995642118cf5c,0,,/home/Lim/Project-xmlg/output/ablation/jobs/ACVG_only__PTC_MR__seed2.json
ACVG only,PTC_MR,3,pending,1,0,0,,,,,00a16c4486514f1d2c7bf19b3238b64e2421dc70d9baccfc646995642118cf5c,0,,/home/Lim/Project-xmlg/output/ablation/jobs/ACVG_only__PTC_MR__seed3.json
ACVG only,PTC_MR,4,pending,1,0,0,,,,,00a16c4486514f1d2c7bf19b3238b64e2421dc70d9baccfc646995642118cf5c,0,,/home/Lim/Project-xmlg/output/ablation/jobs/ACVG_only__PTC_MR__seed4.json
RDTG only,NCI1,0,pending,0,1,0,,,,,732066f12d1096a6ec16ed075f0f4a3c34e95443373dabf5da22c785d7897efe,0,,/home/Lim/Project-xmlg/output/ablation/jobs/RDTG_only__NCI1__seed0.json
RDTG only,NCI1,1,pending,0,1,0,,,,,732066f12d1096a6ec16ed075f0f4a3c34e95443373dabf5da22c785d7897efe,0,,/home/Lim/Project-xmlg/output/ablation/jobs/RDTG_only__NCI1__seed1.json
RDTG only,NCI1,2,pending,0,1,0,,,,,732066f12d1096a6ec16ed075f0f4a3c34e95443373dabf5da22c785d7897efe,0,,/home/Lim/Project-xmlg/output/ablation/jobs/RDTG_only__NCI1__seed2.json
RDTG only,NCI1,3,pending,0,1,0,,,,,732066f12d1096a6ec16ed075f0f4a3c34e95443373dabf5da22c785d7897efe,0,,/home/Lim/Project-xmlg/output/ablation/jobs/RDTG_only__NCI1__seed3.json
RDTG only,NCI1,4,pending,0,1,0,,,,,732066f12d1096a6ec16ed075f0f4a3c34e95443373dabf5da22c785d7897efe,0,,/home/Lim/Project-xmlg/output/ablation/jobs/RDTG_only__NCI1__seed4.json
RDTG only,Mutagenicity,0,pending,0,1,0,,,,,50de8558a04013f9a521e9ba8c01ade39498acaffab1cc78aa1f0f182b3f54a9,0,,/home/Lim/Project-xmlg/output/ablation/jobs/RDTG_only__Mutagenicity__seed0.json
RDTG only,Mutagenicity,1,pending,0,1,0,,,,,50de8558a04013f9a521e9ba8c01ade39498acaffab1cc78aa1f0f182b3f54a9,0,,/home/Lim/Project-xmlg/output/ablation/jobs/RDTG_only__Mutagenicity__seed1.json
RDTG only,Mutagenicity,2,pending,0,1,0,,,,,50de8558a04013f9a521e9ba8c01ade39498acaffab1cc78aa1f0f182b3f54a9,0,,/home/Lim/Project-xmlg/output/ablation/jobs/RDTG_only__Mutagenicity__seed2.json
RDTG only,Mutagenicity,3,pending,0,1,0,,,,,50de8558a04013f9a521e9ba8c01ade39498acaffab1cc78aa1f0f182b3f54a9,0,,/home/Lim/Project-xmlg/output/ablation/jobs/RDTG_only__Mutagenicity__seed3.json
RDTG only,Mutagenicity,4,pending,0,1,0,,,,,50de8558a04013f9a521e9ba8c01ade39498acaffab1cc78aa1f0f182b3f54a9,0,,/home/Lim/Project-xmlg/output/ablation/jobs/RDTG_only__Mutagenicity__seed4.json
RDTG only,COLLAB,0,pending,0,1,0,,,,,b3f7393c3a73bd9e906f0775d3fbbdf69fa13e55f848115da83429a5fa91f6bd,0,,/home/Lim/Project-xmlg/output/ablation/jobs/RDTG_only__COLLAB__seed0.json
RDTG only,COLLAB,1,pending,0,1,0,,,,,b3f7393c3a73bd9e906f0775d3fbbdf69fa13e55f848115da83429a5fa91f6bd,0,,/home/Lim/Project-xmlg/output/ablation/jobs/RDTG_only__COLLAB__seed1.json
RDTG only,COLLAB,2,pending,0,1,0,,,,,b3f7393c3a73bd9e906f0775d3fbbdf69fa13e55f848115da83429a5fa91f6bd,0,,/home/Lim/Project-xmlg/output/ablation/jobs/RDTG_only__COLLAB__seed2.json
RDTG only,COLLAB,3,pending,0,1,0,,,,,b3f7393c3a73bd9e906f0775d3fbbdf69fa13e55f848115da83429a5fa91f6bd,0,,/home/Lim/Project-xmlg/output/ablation/jobs/RDTG_only__COLLAB__seed3.json
RDTG only,COLLAB,4,pending,0,1,0,,,,,b3f7393c3a73bd9e906f0775d3fbbdf69fa13e55f848115da83429a5fa91f6bd,0,,/home/Lim/Project-xmlg/output/ablation/jobs/RDTG_only__COLLAB__seed4.json
RDTG only,MUTAG,0,pending,0,1,0,,,,,28e2e07cffef62098c674f89a00476c8927951b6ecace0e182f8b71e197e39bb,0,,/home/Lim/Project-xmlg/output/ablation/jobs/RDTG_only__MUTAG__seed0.json
RDTG only,MUTAG,1,pending,0,1,0,,,,,28e2e07cffef62098c674f89a00476c8927951b6ecace0e182f8b71e197e39bb,0,,/home/Lim/Project-xmlg/output/ablation/jobs/RDTG_only__MUTAG__seed1.json
RDTG only,MUTAG,2,pending,0,1,0,,,,,28e2e07cffef62098c674f89a00476c8927951b6ecace0e182f8b71e197e39bb,0,,/home/Lim/Project-xmlg/output/ablation/jobs/RDTG_only__MUTAG__seed2.json
RDTG only,MUTAG,3,pending,0,1,0,,,,,28e2e07cffef62098c674f89a00476c8927951b6ecace0e182f8b71e197e39bb,0,,/home/Lim/Project-xmlg/output/ablation/jobs/RDTG_only__MUTAG__seed3.json
RDTG only,MUTAG,4,pending,0,1,0,,,,,28e2e07cffef62098c674f89a00476c8927951b6ecace0e182f8b71e197e39bb,0,,/home/Lim/Project-xmlg/output/ablation/jobs/RDTG_only__MUTAG__seed4.json
RDTG only,PTC_MR,0,pending,0,1,0,,,,,00a16c4486514f1d2c7bf19b3238b64e2421dc70d9baccfc646995642118cf5c,0,,/home/Lim/Project-xmlg/output/ablation/jobs/RDTG_only__PTC_MR__seed0.json
RDTG only,PTC_MR,1,pending,0,1,0,,,,,00a16c4486514f1d2c7bf19b3238b64e2421dc70d9baccfc646995642118cf5c,0,,/home/Lim/Project-xmlg/output/ablation/jobs/RDTG_only__PTC_MR__seed1.json
RDTG only,PTC_MR,2,pending,0,1,0,,,,,00a16c4486514f1d2c7bf19b3238b64e2421dc70d9baccfc646995642118cf5c,0,,/home/Lim/Project-xmlg/output/ablation/jobs/RDTG_only__PTC_MR__seed2.json
RDTG only,PTC_MR,3,pending,0,1,0,,,,,00a16c4486514f1d2c7bf19b3238b64e2421dc70d9baccfc646995642118cf5c,0,,/home/Lim/Project-xmlg/output/ablation/jobs/RDTG_only__PTC_MR__seed3.json
RDTG only,PTC_MR,4,pending,0,1,0,,,,,00a16c4486514f1d2c7bf19b3238b64e2421dc70d9baccfc646995642118cf5c,0,,/home/Lim/Project-xmlg/output/ablation/jobs/RDTG_only__PTC_MR__seed4.json
LTCP only,NCI1,0,pending,0,0,1,,,,,732066f12d1096a6ec16ed075f0f4a3c34e95443373dabf5da22c785d7897efe,0,,/home/Lim/Project-xmlg/output/ablation/jobs/LTCP_only__NCI1__seed0.json
LTCP only,NCI1,1,pending,0,0,1,,,,,732066f12d1096a6ec16ed075f0f4a3c34e95443373dabf5da22c785d7897efe,0,,/home/Lim/Project-xmlg/output/ablation/jobs/LTCP_only__NCI1__seed1.json
LTCP only,NCI1,2,pending,0,0,1,,,,,732066f12d1096a6ec16ed075f0f4a3c34e95443373dabf5da22c785d7897efe,0,,/home/Lim/Project-xmlg/output/ablation/jobs/LTCP_only__NCI1__seed2.json
LTCP only,NCI1,3,pending,0,0,1,,,,,732066f12d1096a6ec16ed075f0f4a3c34e95443373dabf5da22c785d7897efe,0,,/home/Lim/Project-xmlg/output/ablation/jobs/LTCP_only__NCI1__seed3.json
LTCP only,NCI1,4,pending,0,0,1,,,,,732066f12d1096a6ec16ed075f0f4a3c34e95443373dabf5da22c785d7897efe,0,,/home/Lim/Project-xmlg/output/ablation/jobs/LTCP_only__NCI1__seed4.json
LTCP only,Mutagenicity,0,pending,0,0,1,,,,,50de8558a04013f9a521e9ba8c01ade39498acaffab1cc78aa1f0f182b3f54a9,0,,/home/Lim/Project-xmlg/output/ablation/jobs/LTCP_only__Mutagenicity__seed0.json
LTCP only,Mutagenicity,1,pending,0,0,1,,,,,50de8558a04013f9a521e9ba8c01ade39498acaffab1cc78aa1f0f182b3f54a9,0,,/home/Lim/Project-xmlg/output/ablation/jobs/LTCP_only__Mutagenicity__seed1.json
LTCP only,Mutagenicity,2,pending,0,0,1,,,,,50de8558a04013f9a521e9ba8c01ade39498acaffab1cc78aa1f0f182b3f54a9,0,,/home/Lim/Project-xmlg/output/ablation/jobs/LTCP_only__Mutagenicity__seed2.json
LTCP only,Mutagenicity,3,pending,0,0,1,,,,,50de8558a04013f9a521e9ba8c01ade39498acaffab1cc78aa1f0f182b3f54a9,0,,/home/Lim/Project-xmlg/output/ablation/jobs/LTCP_only__Mutagenicity__seed3.json
LTCP only,Mutagenicity,4,pending,0,0,1,,,,,50de8558a04013f9a521e9ba8c01ade39498acaffab1cc78aa1f0f182b3f54a9,0,,/home/Lim/Project-xmlg/output/ablation/jobs/LTCP_only__Mutagenicity__seed4.json
LTCP only,COLLAB,0,pending,0,0,1,,,,,b3f7393c3a73bd9e906f0775d3fbbdf69fa13e55f848115da83429a5fa91f6bd,0,,/home/Lim/Project-xmlg/output/ablation/jobs/LTCP_only__COLLAB__seed0.json
LTCP only,COLLAB,1,pending,0,0,1,,,,,b3f7393c3a73bd9e906f0775d3fbbdf69fa13e55f848115da83429a5fa91f6bd,0,,/home/Lim/Project-xmlg/output/ablation/jobs/LTCP_only__COLLAB__seed1.json
LTCP only,COLLAB,2,pending,0,0,1,,,,,b3f7393c3a73bd9e906f0775d3fbbdf69fa13e55f848115da83429a5fa91f6bd,0,,/home/Lim/Project-xmlg/output/ablation/jobs/LTCP_only__COLLAB__seed2.json
LTCP only,COLLAB,3,pending,0,0,1,,,,,b3f7393c3a73bd9e906f0775d3fbbdf69fa13e55f848115da83429a5fa91f6bd,0,,/home/Lim/Project-xmlg/output/ablation/jobs/LTCP_only__COLLAB__seed3.json
LTCP only,COLLAB,4,pending,0,0,1,,,,,b3f7393c3a73bd9e906f0775d3fbbdf69fa13e55f848115da83429a5fa91f6bd,0,,/home/Lim/Project-xmlg/output/ablation/jobs/LTCP_only__COLLAB__seed4.json
LTCP only,MUTAG,0,pending,0,0,1,,,,,28e2e07cffef62098c674f89a00476c8927951b6ecace0e182f8b71e197e39bb,0,,/home/Lim/Project-xmlg/output/ablation/jobs/LTCP_only__MUTAG__seed0.json
LTCP only,MUTAG,1,pending,0,0,1,,,,,28e2e07cffef62098c674f89a00476c8927951b6ecace0e182f8b71e197e39bb,0,,/home/Lim/Project-xmlg/output/ablation/jobs/LTCP_only__MUTAG__seed1.json
LTCP only,MUTAG,2,pending,0,0,1,,,,,28e2e07cffef62098c674f89a00476c8927951b6ecace0e182f8b71e197e39bb,0,,/home/Lim/Project-xmlg/output/ablation/jobs/LTCP_only__MUTAG__seed2.json
LTCP only,MUTAG,3,pending,0,0,1,,,,,28e2e07cffef62098c674f89a00476c8927951b6ecace0e182f8b71e197e39bb,0,,/home/Lim/Project-xmlg/output/ablation/jobs/LTCP_only__MUTAG__seed3.json
LTCP only,MUTAG,4,pending,0,0,1,,,,,28e2e07cffef62098c674f89a00476c8927951b6ecace0e182f8b71e197e39bb,0,,/home/Lim/Project-xmlg/output/ablation/jobs/LTCP_only__MUTAG__seed4.json
LTCP only,PTC_MR,0,pending,0,0,1,,,,,00a16c4486514f1d2c7bf19b3238b64e2421dc70d9baccfc646995642118cf5c,0,,/home/Lim/Project-xmlg/output/ablation/jobs/LTCP_only__PTC_MR__seed0.json
LTCP only,PTC_MR,1,pending,0,0,1,,,,,00a16c4486514f1d2c7bf19b3238b64e2421dc70d9baccfc646995642118cf5c,0,,/home/Lim/Project-xmlg/output/ablation/jobs/LTCP_only__PTC_MR__seed1.json
LTCP only,PTC_MR,2,pending,0,0,1,,,,,00a16c4486514f1d2c7bf19b3238b64e2421dc70d9baccfc646995642118cf5c,0,,/home/Lim/Project-xmlg/output/ablation/jobs/LTCP_only__PTC_MR__seed2.json
LTCP only,PTC_MR,3,pending,0,0,1,,,,,00a16c4486514f1d2c7bf19b3238b64e2421dc70d9baccfc646995642118cf5c,0,,/home/Lim/Project-xmlg/output/ablation/jobs/LTCP_only__PTC_MR__seed3.json
LTCP only,PTC_MR,4,pending,0,0,1,,,,,00a16c4486514f1d2c7bf19b3238b64e2421dc70d9baccfc646995642118cf5c,0,,/home/Lim/Project-xmlg/output/ablation/jobs/LTCP_only__PTC_MR__seed4.json
